file,line,severity,category,description,code
FST_Cost_V1/config.php,65,medium,debug_mode,Hata gösterimi/raporlama üretimde açık olabilir.,error_reporting(0);
FST_Cost_V1/config.php,69,medium,debug_mode,Hata gösterimi/raporlama üretimde açık olabilir.,error_reporting(E_ALL);
FST_Cost_V1/config.php,72,medium,debug_mode,Hata gösterimi/raporlama üretimde açık olabilir.,"ini_set('display_errors', 1);"
FST_Cost_V1/config.php,77,medium,debug_mode,Hata gösterimi/raporlama üretimde açık olabilir.,error_reporting(E_ALL & ~E_DEPRECATED & ~E_STRICT);
FST_Cost_V1/config.php,142,high,file_inclusion,Değişkene bağlı include/require tespit edildi. RFI/LFI riski.,"error_log(""Database connection error: "" . $e->getMessage());"
FST_Cost_V1/config.php,146,high,file_inclusion,Değişkene bağlı include/require tespit edildi. RFI/LFI riski.,"die(""Database connection failed: "" . $e->getMessage());"
FST_Cost_V1/config.php,260,high,sql_injection,SQL sorgusu içinde string birleştirme veya ham kullanıcı girdisi kullanımı.,"$query = ""SELECT 1 FROM information_schema.columns"
FST_Cost_V1/dashboard.php,10,low,redirect_flow,Yönlendirme sonrası exit eksik olabilir.,header('Location: login.php');
FST_Cost_V1/index.php,10,low,redirect_flow,Yönlendirme sonrası exit eksik olabilir.,header('Location: dashboard.php');
FST_Cost_V1/index.php,12,low,redirect_flow,Yönlendirme sonrası exit eksik olabilir.,header('Location: login.php');
FST_Cost_V1/login.php,12,low,redirect_flow,Yönlendirme sonrası exit eksik olabilir.,header('Location: dashboard.php');
FST_Cost_V1/login.php,17,medium,unsanitized_input,Kullanıcı girdisi işlenmeden kullanılıyor olabilir.,$lang = $_GET['lang'] ?? $_SESSION['language'] ?? 'en';
FST_Cost_V1/login.php,34,medium,unsanitized_input,Kullanıcı girdisi işlenmeden kullanılıyor olabilir.,$username = trim($_POST['username'] ?? '');
FST_Cost_V1/login.php,35,medium,unsanitized_input,Kullanıcı girdisi işlenmeden kullanılıyor olabilir.,$password = trim($_POST['password'] ?? '');
FST_Cost_V1/login.php,79,medium,unsanitized_input,Kullanıcı girdisi işlenmeden kullanılıyor olabilir.,if (isset($_POST['remember_me']) && $_POST['remember_me'] === 'on') {
FST_Cost_V1/login.php,99,low,redirect_flow,Yönlendirme sonrası exit eksik olabilir.,header('Location: dashboard.php');
FST_Cost_V1/login.php,146,high,xss,Kullanıcı girdisi doğrudan echo ile basılıyor olabilir.,"<input type=""text"" id=""username"" name=""username"" class=""form-control"" placeholder=""<?php echo $t_login['username'] ?? 'Username'; ?>"" value=""<?php echo isset($_COOKIE['remembered_username']) ? htmlspecialchars($_COOKIE['remembered_username']) : ''; ?>"" required>"
FST_Cost_V1/login.php,163,info,i18n,Çeviri dosyası dışında yerelleştirilmiş sabit metin olabilir.,"<option value=""tr"" <?php echo ($lang === 'tr') ? 'selected' : ''; ?>><?php echo $t_languages['tr'] ?? 'Türkçe'; ?></option>"
FST_Cost_V1/login.php,169,medium,unsanitized_input,Kullanıcı girdisi işlenmeden kullanılıyor olabilir.,"<input type=""checkbox"" id=""remember_me"" name=""remember_me"" class=""form-check-input"" <?php echo (isset($_POST['remember_me']) || isset($_COOKIE['remembered_username'])) ? 'checked' : ''; ?>>"
FST_Cost_V1/login.php,169,high,xss,Kullanıcı girdisi doğrudan echo ile basılıyor olabilir.,"<input type=""checkbox"" id=""remember_me"" name=""remember_me"" class=""form-check-input"" <?php echo (isset($_POST['remember_me']) || isset($_COOKIE['remembered_username'])) ? 'checked' : ''; ?>>"
FST_Cost_V1/logout.php,17,medium,unsanitized_input,Kullanıcı girdisi işlenmeden kullanılıyor olabilir.,if (isset($_COOKIE['remembered_username'])) {
FST_Cost_V1/logout.php,27,low,redirect_flow,Yönlendirme sonrası exit eksik olabilir.,header('Location: login.php');
FST_Cost_V1/api/definitions/costs.php,16,medium,debug_mode,Hata gösterimi/raporlama üretimde açık olabilir.,error_reporting(E_ALL); // Still log errors but don't display
FST_Cost_V1/api/definitions/costs.php,38,high,file_inclusion,Değişkene bağlı include/require tespit edildi. RFI/LFI riski.,"echo json_encode(['success' => false, 'message' => 'Database connection failed: ' . $e->getMessage()]);"
FST_Cost_V1/api/definitions/costs.php,44,medium,unsanitized_input,Kullanıcı girdisi işlenmeden kullanılıyor olabilir.,$action = $_GET['action'] ?? '';
FST_Cost_V1/api/definitions/costs.php,111,medium,unsanitized_input,Kullanıcı girdisi işlenmeden kullanılıyor olabilir.,$id = $_GET['id'] ?? null;
FST_Cost_V1/api/definitions/costs.php,173,high,file_inclusion,Değişkene bağlı include/require tespit edildi. RFI/LFI riski.,"echo json_encode(['success' => false, 'message' => 'Database error: ' . $error]);"
FST_Cost_V1/api/definitions/costs.php,176,high,file_inclusion,Değişkene bağlı include/require tespit edildi. RFI/LFI riski.,"echo json_encode(['success' => false, 'message' => 'Error: ' . $e->getMessage()]);"
FST_Cost_V1/api/definitions/currencies.php,15,medium,debug_mode,Hata gösterimi/raporlama üretimde açık olabilir.,error_reporting(E_ALL);
FST_Cost_V1/api/definitions/currencies.php,42,high,file_inclusion,Değişkene bağlı include/require tespit edildi. RFI/LFI riski.,"echo json_encode(['success' => false, 'message' => 'Database connection failed: ' . $e->getMessage()]);"
FST_Cost_V1/api/definitions/currencies.php,48,medium,unsanitized_input,Kullanıcı girdisi işlenmeden kullanılıyor olabilir.,$action = $_GET['action'] ?? '';
FST_Cost_V1/api/definitions/currencies.php,85,medium,unsanitized_input,Kullanıcı girdisi işlenmeden kullanılıyor olabilir.,$country_id = isset($_GET['country_id']) ? (int)$_GET['country_id'] : 0;
FST_Cost_V1/api/definitions/currencies.php,93,medium,unsanitized_input,Kullanıcı girdisi işlenmeden kullanılıyor olabilir.,$country_id = isset($_GET['country_id']) ? (int)$_GET['country_id'] : 0;
FST_Cost_V1/api/definitions/currencies.php,98,medium,unsanitized_input,Kullanıcı girdisi işlenmeden kullanılıyor olabilir.,$start = $_GET['start'] ?? null;
FST_Cost_V1/api/definitions/currencies.php,99,medium,unsanitized_input,Kullanıcı girdisi işlenmeden kullanılıyor olabilir.,$end = $_GET['end'] ?? null;
FST_Cost_V1/api/definitions/currencies.php,156,medium,unsanitized_input,Kullanıcı girdisi işlenmeden kullanılıyor olabilir.,$id = $_GET['id'] ?? null;
FST_Cost_V1/api/definitions/currencies.php,172,medium,unsanitized_input,Kullanıcı girdisi işlenmeden kullanılıyor olabilir.,$country_id = isset($_GET['country_id']) ? (int)$_GET['country_id'] : 0;
FST_Cost_V1/api/definitions/currencies.php,173,medium,unsanitized_input,Kullanıcı girdisi işlenmeden kullanılıyor olabilir.,$date = $_GET['date'] ?? null;
FST_Cost_V1/api/definitions/currencies.php,207,high,sql_injection,SQL sorgusu içinde string birleştirme veya ham kullanıcı girdisi kullanımı.,// Update country's base settings (local currency code). Requires id
FST_Cost_V1/api/definitions/currencies.php,220,high,file_inclusion,Değişkene bağlı include/require tespit edildi. RFI/LFI riski.,"$setParts[] = ""local_currency_code = '"" . $local_currency_code . ""'"";"
FST_Cost_V1/api/definitions/currencies.php,228,high,sql_injection,SQL sorgusu içinde string birleştirme veya ham kullanıcı girdisi kullanımı.,"$query = ""UPDATE countries SET "" . implode(', ', $setParts) . "" WHERE id = $id"";"
FST_Cost_V1/api/definitions/currencies.php,235,high,sql_injection,SQL sorgusu içinde string birleştirme veya ham kullanıcı girdisi kullanımı.,"$query = ""SELECT cc.id, cc.country_id, cc.currency_code, cc.unit_name, cc.is_active, c.name as currency_name, c.symbol"
FST_Cost_V1/api/definitions/currencies.php,479,high,sql_injection,SQL sorgusu içinde string birleştirme veya ham kullanıcı girdisi kullanımı.,"$query = ""UPDATE country_currencies SET "" . implode(', ', $setParts) . "" WHERE id = $id"";"
FST_Cost_V1/api/definitions/languages.php,15,medium,debug_mode,Hata gösterimi/raporlama üretimde açık olabilir.,error_reporting(E_ALL); // Still log errors but don't display
FST_Cost_V1/api/definitions/languages.php,35,medium,unsanitized_input,Kullanıcı girdisi işlenmeden kullanılıyor olabilir.,$action = $_GET['action'] ?? '';
FST_Cost_V1/api/definitions/languages.php,66,medium,unsanitized_input,Kullanıcı girdisi işlenmeden kullanılıyor olabilir.,$code = $_GET['code'] ?? null;
FST_Cost_V1/api/definitions/languages.php,95,medium,unsanitized_input,Kullanıcı girdisi işlenmeden kullanılıyor olabilir.,$code = $_GET['code'] ?? null;
FST_Cost_V1/api/definitions/languages.php,108,medium,unsanitized_input,Kullanıcı girdisi işlenmeden kullanılıyor olabilir.,$code = $_GET['code'] ?? null;
FST_Cost_V1/api/definitions/languages.php,126,high,file_inclusion,Değişkene bağlı include/require tespit edildi. RFI/LFI riski.,$filePath = $langDir . $file;
FST_Cost_V1/api/definitions/languages.php,152,high,file_inclusion,Değişkene bağlı include/require tespit edildi. RFI/LFI riski.,$filePath = $langDir . $code . '.json';
FST_Cost_V1/api/definitions/languages.php,194,high,file_inclusion,Değişkene bağlı include/require tespit edildi. RFI/LFI riski.,$filePath = $langDir . $code . '.json';
FST_Cost_V1/api/definitions/languages.php,226,high,file_inclusion,Değişkene bağlı include/require tespit edildi. RFI/LFI riski.,$filePath = $langDir . $code . '.json';
FST_Cost_V1/api/definitions/languages.php,251,high,file_inclusion,Değişkene bağlı include/require tespit edildi. RFI/LFI riski.,$filePath = $langDir . $code . '.json';
FST_Cost_V1/api/definitions/languages.php,272,high,file_inclusion,Değişkene bağlı include/require tespit edildi. RFI/LFI riski.,$filePath = $langDir . $code . '.json';
FST_Cost_V1/api/definitions/locations.php,15,medium,debug_mode,Hata gösterimi/raporlama üretimde açık olabilir.,error_reporting(E_ALL); // Still log errors but don't display
FST_Cost_V1/api/definitions/locations.php,37,high,file_inclusion,Değişkene bağlı include/require tespit edildi. RFI/LFI riski.,"echo json_encode(['success' => false, 'message' => 'Database connection failed: ' . $e->getMessage()]);"
FST_Cost_V1/api/definitions/locations.php,43,medium,unsanitized_input,Kullanıcı girdisi işlenmeden kullanılıyor olabilir.,$action = $_GET['action'] ?? '';
FST_Cost_V1/api/definitions/locations.php,90,medium,unsanitized_input,Kullanıcı girdisi işlenmeden kullanılıyor olabilir.,$country_id = isset($_GET['country_id']) ? (int)$_GET['country_id'] : null;
FST_Cost_V1/api/definitions/locations.php,94,medium,unsanitized_input,Kullanıcı girdisi işlenmeden kullanılıyor olabilir.,$region_id = isset($_GET['region_id']) ? (int)$_GET['region_id'] : null;
FST_Cost_V1/api/definitions/locations.php,98,medium,unsanitized_input,Kullanıcı girdisi işlenmeden kullanılıyor olabilir.,$city_id = isset($_GET['city_id']) ? (int)$_GET['city_id'] : null;
FST_Cost_V1/api/definitions/locations.php,152,medium,unsanitized_input,Kullanıcı girdisi işlenmeden kullanılıyor olabilir.,$id = $_GET['id'] ?? null;
FST_Cost_V1/api/definitions/locations.php,232,high,file_inclusion,Değişkene bağlı include/require tespit edildi. RFI/LFI riski.,"$setParts[] = ""local_currency_code = '"" . $local_currency_code . ""'"";"
FST_Cost_V1/api/definitions/locations.php,237,high,sql_injection,SQL sorgusu içinde string birleştirme veya ham kullanıcı girdisi kullanımı.,"$query = ""UPDATE countries SET "" . implode(', ', $setParts) . "" WHERE id = $id"";"
FST_Cost_V1/api/definitions/locations.php,258,high,sql_injection,SQL sorgusu içinde string birleştirme veya ham kullanıcı girdisi kullanımı.,'message' => 'This country cannot be deleted because it has ' . $row['count'] . ' region(s) associated with it. Please delete all regions first.'
FST_Cost_V1/api/definitions/locations.php,258,high,file_inclusion,Değişkene bağlı include/require tespit edildi. RFI/LFI riski.,'message' => 'This country cannot be deleted because it has ' . $row['count'] . ' region(s) associated with it. Please delete all regions first.'
FST_Cost_V1/api/definitions/locations.php,280,high,sql_injection,SQL sorgusu içinde string birleştirme veya ham kullanıcı girdisi kullanımı.,"$query = ""SELECT r.*, c.name as country_name FROM regions r LEFT JOIN countries c ON r.country_id = c.id ORDER BY r.name ASC"";"
FST_Cost_V1/api/definitions/locations.php,342,high,sql_injection,SQL sorgusu içinde string birleştirme veya ham kullanıcı girdisi kullanımı.,'message' => 'This region cannot be deleted because it has ' . $row['count'] . ' city/cities associated with it. Please delete all cities first.'
FST_Cost_V1/api/definitions/locations.php,342,high,file_inclusion,Değişkene bağlı include/require tespit edildi. RFI/LFI riski.,'message' => 'This region cannot be deleted because it has ' . $row['count'] . ' city/cities associated with it. Please delete all cities first.'
FST_Cost_V1/api/definitions/locations.php,364,high,sql_injection,SQL sorgusu içinde string birleştirme veya ham kullanıcı girdisi kullanımı.,"$query = ""SELECT c.*, r.name as region_name, co.name as country_name"
FST_Cost_V1/api/definitions/locations.php,430,high,sql_injection,SQL sorgusu içinde string birleştirme veya ham kullanıcı girdisi kullanımı.,'message' => 'This city cannot be deleted because it has ' . $row['count'] . ' sub region(s) associated with it. Please delete all sub regions first.'
FST_Cost_V1/api/definitions/locations.php,430,high,file_inclusion,Değişkene bağlı include/require tespit edildi. RFI/LFI riski.,'message' => 'This city cannot be deleted because it has ' . $row['count'] . ' sub region(s) associated with it. Please delete all sub regions first.'
FST_Cost_V1/api/definitions/locations.php,450,high,sql_injection,SQL sorgusu içinde string birleştirme veya ham kullanıcı girdisi kullanımı.,"$query = ""SELECT sr.*, c.name as city_name, r.name as region_name, co.name as country_name"
FST_Cost_V1/api/definitions/locations.php,458,high,sql_injection,SQL sorgusu içinde string birleştirme veya ham kullanıcı girdisi kullanımı.,"$query = ""SELECT sr.*, c.name as city_name, r.name as region_name, co.name as country_name"
FST_Cost_V1/api/definitions/locations.php,525,high,sql_injection,SQL sorgusu içinde string birleştirme veya ham kullanıcı girdisi kullanımı.,'message' => 'This sub region cannot be deleted because it has ' . $row['count'] . ' merchant(s) associated with it. Please delete all merchants first.'
FST_Cost_V1/api/definitions/locations.php,525,high,file_inclusion,Değişkene bağlı include/require tespit edildi. RFI/LFI riski.,'message' => 'This sub region cannot be deleted because it has ' . $row['count'] . ' merchant(s) associated with it. Please delete all merchants first.'
FST_Cost_V1/api/definitions/locations.php,543,medium,unsanitized_input,Kullanıcı girdisi işlenmeden kullanılıyor olabilir.,$name = $_GET['name'] ?? '';
FST_Cost_V1/api/definitions/locations.php,545,medium,unsanitized_input,Kullanıcı girdisi işlenmeden kullanılıyor olabilir.,$id = $_GET['id'] ?? null;
FST_Cost_V1/api/definitions/locations.php,563,medium,unsanitized_input,Kullanıcı girdisi işlenmeden kullanılıyor olabilir.,$name = $_GET['name'] ?? '';
FST_Cost_V1/api/definitions/locations.php,565,medium,unsanitized_input,Kullanıcı girdisi işlenmeden kullanılıyor olabilir.,$country_id = $_GET['country_id'] ?? null;
FST_Cost_V1/api/definitions/locations.php,566,medium,unsanitized_input,Kullanıcı girdisi işlenmeden kullanılıyor olabilir.,$id = $_GET['id'] ?? null;
FST_Cost_V1/api/definitions/locations.php,590,medium,unsanitized_input,Kullanıcı girdisi işlenmeden kullanılıyor olabilir.,$name = $_GET['name'] ?? '';
FST_Cost_V1/api/definitions/locations.php,592,medium,unsanitized_input,Kullanıcı girdisi işlenmeden kullanılıyor olabilir.,$region_id = $_GET['region_id'] ?? null;
FST_Cost_V1/api/definitions/locations.php,593,medium,unsanitized_input,Kullanıcı girdisi işlenmeden kullanılıyor olabilir.,$id = $_GET['id'] ?? null;
FST_Cost_V1/api/definitions/locations.php,617,medium,unsanitized_input,Kullanıcı girdisi işlenmeden kullanılıyor olabilir.,$name = $_GET['name'] ?? '';
FST_Cost_V1/api/definitions/locations.php,619,medium,unsanitized_input,Kullanıcı girdisi işlenmeden kullanılıyor olabilir.,$city_id = $_GET['city_id'] ?? null;
FST_Cost_V1/api/definitions/locations.php,620,medium,unsanitized_input,Kullanıcı girdisi işlenmeden kullanılıyor olabilir.,$id = $_GET['id'] ?? null;
FST_Cost_V1/api/definitions/merchants.php,16,medium,debug_mode,Hata gösterimi/raporlama üretimde açık olabilir.,error_reporting(E_ALL); // Still log errors but don't display
FST_Cost_V1/api/definitions/merchants.php,43,high,file_inclusion,Değişkene bağlı include/require tespit edildi. RFI/LFI riski.,$msg = defined('APP_DEBUG') && APP_DEBUG ? $e->getMessage() . ' in ' . $e->getFile() . ':' . $e->getLine() : 'Configuration error';
FST_Cost_V1/api/definitions/merchants.php,77,medium,unsanitized_input,Kullanıcı girdisi işlenmeden kullanılıyor olabilir.,$action = $_GET['action'] ?? '';
FST_Cost_V1/api/definitions/merchants.php,126,medium,unsanitized_input,Kullanıcı girdisi işlenmeden kullanılıyor olabilir.,$sub_region_id = isset($_GET['sub_region_id']) ? (int)$_GET['sub_region_id'] : null;
FST_Cost_V1/api/definitions/merchants.php,162,medium,unsanitized_input,Kullanıcı girdisi işlenmeden kullanılıyor olabilir.,$id = $_GET['id'] ?? null;
FST_Cost_V1/api/definitions/merchants.php,180,high,sql_injection,SQL sorgusu içinde string birleştirme veya ham kullanıcı girdisi kullanımı.,"$query = ""SELECT sr.*, c.name as city_name, r.name as region_name, co.name as country_name"
FST_Cost_V1/api/definitions/merchants.php,201,high,sql_injection,SQL sorgusu içinde string birleştirme veya ham kullanıcı girdisi kullanımı.,"$query = ""SELECT m.*, sr.name as sub_region_name, c.name as city_name, r.name as region_name, co.name as country_name"
FST_Cost_V1/api/definitions/merchants.php,210,high,sql_injection,SQL sorgusu içinde string birleştirme veya ham kullanıcı girdisi kullanımı.,"$query = ""SELECT m.*, sr.name as sub_region_name, c.name as city_name, r.name as region_name, co.name as country_name"
FST_Cost_V1/api/definitions/merchants.php,319,high,sql_injection,SQL sorgusu içinde string birleştirme veya ham kullanıcı girdisi kullanımı.,'message' => 'This merchant cannot be deleted because it has ' . $row['count'] . ' tour(s) associated with it. Please delete all tours first.'
FST_Cost_V1/api/definitions/merchants.php,319,high,file_inclusion,Değişkene bağlı include/require tespit edildi. RFI/LFI riski.,'message' => 'This merchant cannot be deleted because it has ' . $row['count'] . ' tour(s) associated with it. Please delete all tours first.'
FST_Cost_V1/api/definitions/positions.php,16,medium,debug_mode,Hata gösterimi/raporlama üretimde açık olabilir.,error_reporting(E_ALL); // Still log errors but don't display
FST_Cost_V1/api/definitions/positions.php,38,high,file_inclusion,Değişkene bağlı include/require tespit edildi. RFI/LFI riski.,"echo json_encode(['success' => false, 'message' => 'Database connection failed: ' . $e->getMessage()]);"
FST_Cost_V1/api/definitions/positions.php,44,medium,unsanitized_input,Kullanıcı girdisi işlenmeden kullanılıyor olabilir.,$action = $_GET['action'] ?? '';
FST_Cost_V1/api/definitions/positions.php,79,medium,unsanitized_input,Kullanıcı girdisi işlenmeden kullanılıyor olabilir.,$city_id = isset($_GET['city_id']) ? (int)$_GET['city_id'] : null;
FST_Cost_V1/api/definitions/positions.php,83,medium,unsanitized_input,Kullanıcı girdisi işlenmeden kullanılıyor olabilir.,$dept_id = isset($_GET['department_id']) ? (int)$_GET['department_id'] : null;
FST_Cost_V1/api/definitions/positions.php,125,medium,unsanitized_input,Kullanıcı girdisi işlenmeden kullanılıyor olabilir.,$id = $_GET['id'] ?? null;
FST_Cost_V1/api/definitions/positions.php,146,high,sql_injection,SQL sorgusu içinde string birleştirme veya ham kullanıcı girdisi kullanımı.,"$query = ""SELECT c.*, r.name as region_name, co.name as country_name"
FST_Cost_V1/api/definitions/positions.php,165,high,sql_injection,SQL sorgusu içinde string birleştirme veya ham kullanıcı girdisi kullanımı.,"$query = ""SELECT d.*, c.name as city_name, r.name as region_name, co.name as country_name"
FST_Cost_V1/api/definitions/positions.php,173,high,sql_injection,SQL sorgusu içinde string birleştirme veya ham kullanıcı girdisi kullanımı.,"$query = ""SELECT d.*, c.name as city_name, r.name as region_name, co.name as country_name"
FST_Cost_V1/api/definitions/positions.php,240,high,sql_injection,SQL sorgusu içinde string birleştirme veya ham kullanıcı girdisi kullanımı.,'message' => 'This department cannot be deleted because it has ' . $row['count'] . ' position(s) associated with it. Please delete all positions first.'
FST_Cost_V1/api/definitions/positions.php,240,high,file_inclusion,Değişkene bağlı include/require tespit edildi. RFI/LFI riski.,'message' => 'This department cannot be deleted because it has ' . $row['count'] . ' position(s) associated with it. Please delete all positions first.'
FST_Cost_V1/api/definitions/positions.php,260,high,sql_injection,SQL sorgusu içinde string birleştirme veya ham kullanıcı girdisi kullanımı.,"$query = ""SELECT p.*, d.name as department_name, c.name as city_name, r.name as region_name, co.name as country_name"
FST_Cost_V1/api/definitions/positions.php,269,high,sql_injection,SQL sorgusu içinde string birleştirme veya ham kullanıcı girdisi kullanımı.,"$query = ""SELECT p.*, d.name as department_name, c.name as city_name, r.name as region_name, co.name as country_name"
FST_Cost_V1/api/definitions/tours.php,16,medium,debug_mode,Hata gösterimi/raporlama üretimde açık olabilir.,error_reporting(E_ALL); // Still log errors but don't display
FST_Cost_V1/api/definitions/tours.php,36,high,file_inclusion,Değişkene bağlı include/require tespit edildi. RFI/LFI riski.,$msg = defined('APP_DEBUG') && APP_DEBUG ? $e->getMessage() . ' in ' . $e->getFile() . ':' . $e->getLine() : 'Configuration error';
FST_Cost_V1/api/definitions/tours.php,70,medium,unsanitized_input,Kullanıcı girdisi işlenmeden kullanılıyor olabilir.,$action = $_GET['action'] ?? '';
FST_Cost_V1/api/definitions/tours.php,105,medium,unsanitized_input,Kullanıcı girdisi işlenmeden kullanılıyor olabilir.,$country_id = isset($_GET['country_id']) ? (int)$_GET['country_id'] : null;
FST_Cost_V1/api/definitions/tours.php,109,medium,unsanitized_input,Kullanıcı girdisi işlenmeden kullanılıyor olabilir.,$region_id = isset($_GET['region_id']) ? (int)$_GET['region_id'] : null;
FST_Cost_V1/api/definitions/tours.php,113,medium,unsanitized_input,Kullanıcı girdisi işlenmeden kullanılıyor olabilir.,$city_id = isset($_GET['city_id']) ? (int)$_GET['city_id'] : null;
FST_Cost_V1/api/definitions/tours.php,117,medium,unsanitized_input,Kullanıcı girdisi işlenmeden kullanılıyor olabilir.,$sub_region_id = isset($_GET['sub_region_id']) ? (int)$_GET['sub_region_id'] : null;
FST_Cost_V1/api/definitions/tours.php,127,medium,unsanitized_input,Kullanıcı girdisi işlenmeden kullanılıyor olabilir.,$contract_id = isset($_GET['contract_id']) ? (int)$_GET['contract_id'] : null;
FST_Cost_V1/api/definitions/tours.php,131,medium,unsanitized_input,Kullanıcı girdisi işlenmeden kullanılıyor olabilir.,$tour_id = isset($_GET['tour_id']) ? (int)$_GET['tour_id'] : null;
FST_Cost_V1/api/definitions/tours.php,173,medium,unsanitized_input,Kullanıcı girdisi işlenmeden kullanılıyor olabilir.,$id = $_GET['id'] ?? null;
FST_Cost_V1/api/definitions/tours.php,208,high,sql_injection,SQL sorgusu içinde string birleştirme veya ham kullanıcı girdisi kullanımı.,"$query = ""SELECT r.*, c.name as country_name FROM regions r LEFT JOIN countries c ON r.country_id = c.id ORDER BY r.name ASC"";"
FST_Cost_V1/api/definitions/tours.php,225,high,sql_injection,SQL sorgusu içinde string birleştirme veya ham kullanıcı girdisi kullanımı.,"$query = ""SELECT c.*, r.name as region_name, r.country_id, co.name as country_name"
FST_Cost_V1/api/definitions/tours.php,232,high,sql_injection,SQL sorgusu içinde string birleştirme veya ham kullanıcı girdisi kullanımı.,"$query = ""SELECT c.*, r.name as region_name, r.country_id, co.name as country_name"
FST_Cost_V1/api/definitions/tours.php,253,high,sql_injection,SQL sorgusu içinde string birleştirme veya ham kullanıcı girdisi kullanımı.,"$query = ""SELECT sr.*, c.name as city_name, r.name as region_name, co.name as country_name"
FST_Cost_V1/api/definitions/tours.php,261,high,sql_injection,SQL sorgusu içinde string birleştirme veya ham kullanıcı girdisi kullanımı.,"$query = ""SELECT sr.*, c.name as city_name, r.name as region_name, co.name as country_name"
FST_Cost_V1/api/definitions/tours.php,287,high,sql_injection,SQL sorgusu içinde string birleştirme veya ham kullanıcı girdisi kullanımı.,"$query = ""SELECT m.*, sr.name as sub_region_name, c.name as city_name, r.name as region_name, co.name as country_name"
FST_Cost_V1/api/definitions/tours.php,308,high,sql_injection,SQL sorgusu içinde string birleştirme veya ham kullanıcı girdisi kullanımı.,"$query = ""SELECT t.*, t.vehicle_contract_id, m.name as merchant_name, sr.name as sub_region_name, c.name as city_name, r.name as region_name, co.name as country_name"
FST_Cost_V1/api/definitions/tours.php,325,high,sql_injection,SQL sorgusu içinde string birleştirme veya ham kullanıcı girdisi kullanımı.,"$subRegionsQuery = ""SELECT tsr.sub_region_id, sr.name as sub_region_name"
FST_Cost_V1/api/definitions/tours.php,340,high,sql_injection,SQL sorgusu içinde string birleştirme veya ham kullanıcı girdisi kullanımı.,SELECT FROM information_schema.tables
FST_Cost_V1/api/definitions/tours.php,348,high,sql_injection,SQL sorgusu içinde string birleştirme veya ham kullanıcı girdisi kullanımı.,"$routesQuery = ""SELECT tcr.sub_region_id, tcr.vehicle_contract_route_id,"
FST_Cost_V1/api/definitions/tours.php,366,high,sql_injection,SQL sorgusu içinde string birleştirme veya ham kullanıcı girdisi kullanımı.,"$contractRoutesQuery = ""SELECT vcr.*, vc.contract_code"
FST_Cost_V1/api/definitions/tours.php,499,high,sql_injection,SQL sorgusu içinde string birleştirme veya ham kullanıcı girdisi kullanımı.,"$query = ""SELECT vc.id, vc.contract_code, vc.start_date, vc.end_date,"
FST_Cost_V1/api/definitions/tours.php,552,high,sql_injection,SQL sorgusu içinde string birleştirme veya ham kullanıcı girdisi kullanımı.,"$query = ""SELECT vcr.*, vc.contract_code"
FST_Cost_V1/api/definitions/tours.php,579,high,sql_injection,SQL sorgusu içinde string birleştirme veya ham kullanıcı girdisi kullanımı.,SELECT FROM information_schema.tables
FST_Cost_V1/api/definitions/tours.php,596,high,sql_injection,SQL sorgusu içinde string birleştirme veya ham kullanıcı girdisi kullanımı.,"$query = ""SELECT tcr.*, sr.name as sub_region_name, vcr.from_location, vcr.to_location"
FST_Cost_V1/api/definitions/tours.php,623,high,sql_injection,SQL sorgusu içinde string birleştirme veya ham kullanıcı girdisi kullanımı.,SELECT FROM information_schema.tables
FST_Cost_V1/api/definitions/tours.php,645,high,sql_injection,SQL sorgusu içinde string birleştirme veya ham kullanıcı girdisi kullanımı.,"echo json_encode(['success' => false, 'message' => 'Failed to delete existing routes: ' . getDbErrorMessage($conn)]);"
FST_Cost_V1/api/definitions/users.php,16,medium,debug_mode,Hata gösterimi/raporlama üretimde açık olabilir.,error_reporting(E_ALL); // Still log errors but don't display
FST_Cost_V1/api/definitions/users.php,38,high,file_inclusion,Değişkene bağlı include/require tespit edildi. RFI/LFI riski.,"echo json_encode(['success' => false, 'message' => 'Database connection failed: ' . $e->getMessage()]);"
FST_Cost_V1/api/definitions/users.php,44,medium,unsanitized_input,Kullanıcı girdisi işlenmeden kullanılıyor olabilir.,$action = $_GET['action'] ?? '';
FST_Cost_V1/api/definitions/users.php,82,medium,unsanitized_input,Kullanıcı girdisi işlenmeden kullanılıyor olabilir.,$city_id = isset($_GET['city_id']) ? (int)$_GET['city_id'] : null;
FST_Cost_V1/api/definitions/users.php,89,medium,unsanitized_input,Kullanıcı girdisi işlenmeden kullanılıyor olabilir.,$country_id = isset($_GET['country_id']) ? (int)$_GET['country_id'] : null;
FST_Cost_V1/api/definitions/users.php,96,medium,unsanitized_input,Kullanıcı girdisi işlenmeden kullanılıyor olabilir.,$department_id = isset($_GET['department_id']) ? (int)$_GET['department_id'] : null;
FST_Cost_V1/api/definitions/users.php,132,medium,unsanitized_input,Kullanıcı girdisi işlenmeden kullanılıyor olabilir.,$id = $_GET['id'] ?? null;
FST_Cost_V1/api/definitions/users.php,151,high,sql_injection,SQL sorgusu içinde string birleştirme veya ham kullanıcı girdisi kullanımı.,"$query = ""SELECT u.*,"
FST_Cost_V1/api/definitions/users.php,174,high,file_inclusion,Değişkene bağlı include/require tespit edildi. RFI/LFI riski.,"echo json_encode(['success' => false, 'message' => 'Error loading users: ' . $e->getMessage()]);"
FST_Cost_V1/api/definitions/users.php,180,medium,unsanitized_input,Kullanıcı girdisi işlenmeden kullanılıyor olabilir.,$username = trim($_GET['username'] ?? '');
FST_Cost_V1/api/definitions/users.php,181,medium,unsanitized_input,Kullanıcı girdisi işlenmeden kullanılıyor olabilir.,$id = isset($_GET['id']) ? (int)$_GET['id'] : null;
FST_Cost_V1/api/definitions/users.php,212,high,sql_injection,SQL sorgusu içinde string birleştirme veya ham kullanıcı girdisi kullanımı.,"$query = ""SELECT d.*, c.name as city_name"
FST_Cost_V1/api/definitions/users.php,219,high,sql_injection,SQL sorgusu içinde string birleştirme veya ham kullanıcı girdisi kullanımı.,"$query = ""SELECT d.*, c.name as city_name"
FST_Cost_V1/api/definitions/users.php,233,high,file_inclusion,Değişkene bağlı include/require tespit edildi. RFI/LFI riski.,"echo json_encode(['success' => false, 'message' => 'Error loading departments: ' . $e->getMessage()]);"
FST_Cost_V1/api/definitions/users.php,239,medium,unsanitized_input,Kullanıcı girdisi işlenmeden kullanılıyor olabilir.,$region_id = isset($_GET['region_id']) ? (int)$_GET['region_id'] : null;
FST_Cost_V1/api/definitions/users.php,243,high,sql_injection,SQL sorgusu içinde string birleştirme veya ham kullanıcı girdisi kullanımı.,"$query = ""SELECT c.*, r.name as region_name, r.country_id, co.name as country_name"
FST_Cost_V1/api/definitions/users.php,251,high,sql_injection,SQL sorgusu içinde string birleştirme veya ham kullanıcı girdisi kullanımı.,"$query = ""SELECT c.*, r.name as region_name, r.country_id, co.name as country_name"
FST_Cost_V1/api/definitions/users.php,266,high,file_inclusion,Değişkene bağlı include/require tespit edildi. RFI/LFI riski.,"echo json_encode(['success' => false, 'message' => 'Error loading cities: ' . $e->getMessage()]);"
FST_Cost_V1/api/definitions/users.php,277,high,sql_injection,SQL sorgusu içinde string birleştirme veya ham kullanıcı girdisi kullanımı.,"$query = ""SELECT r.*, c.name as country_name FROM regions r LEFT JOIN countries c ON r.country_id = c.id ORDER BY r.name ASC"";"
FST_Cost_V1/api/definitions/users.php,288,high,file_inclusion,Değişkene bağlı include/require tespit edildi. RFI/LFI riski.,"echo json_encode(['success' => false, 'message' => 'Error loading regions: ' . $e->getMessage()]);"
FST_Cost_V1/api/definitions/users.php,306,high,file_inclusion,Değişkene bağlı include/require tespit edildi. RFI/LFI riski.,"echo json_encode(['success' => false, 'message' => 'Error loading countries: ' . $e->getMessage()]);"
FST_Cost_V1/api/definitions/users.php,315,high,sql_injection,SQL sorgusu içinde string birleştirme veya ham kullanıcı girdisi kullanımı.,"$query = ""SELECT p.*, d.name as department_name"
FST_Cost_V1/api/definitions/users.php,321,high,sql_injection,SQL sorgusu içinde string birleştirme veya ham kullanıcı girdisi kullanımı.,"$query = ""SELECT p.*, d.name as department_name"
FST_Cost_V1/api/definitions/users.php,336,high,file_inclusion,Değişkene bağlı include/require tespit edildi. RFI/LFI riski.,"echo json_encode(['success' => false, 'message' => 'Error loading positions: ' . $e->getMessage()]);"
FST_Cost_V1/api/definitions/users.php,461,medium,unsanitized_input,Kullanıcı girdisi işlenmeden kullanılıyor olabilir.,"$username = pg_escape_string($conn, $_GET['username'] ?? '');"
FST_Cost_V1/api/definitions/users.php,462,medium,unsanitized_input,Kullanıcı girdisi işlenmeden kullanılıyor olabilir.,$id = isset($_GET['id']) ? (int)$_GET['id'] : 0;
FST_Cost_V1/api/definitions/vehicles.php,16,medium,debug_mode,Hata gösterimi/raporlama üretimde açık olabilir.,error_reporting(E_ALL); // Still log errors but don't display
FST_Cost_V1/api/definitions/vehicles.php,42,high,file_inclusion,Değişkene bağlı include/require tespit edildi. RFI/LFI riski.,"echo json_encode(['success' => false, 'message' => 'Database connection failed: ' . $e->getMessage()]);"
FST_Cost_V1/api/definitions/vehicles.php,48,medium,unsanitized_input,Kullanıcı girdisi işlenmeden kullanılıyor olabilir.,$action = $_GET['action'] ?? '';
FST_Cost_V1/api/definitions/vehicles.php,86,medium,unsanitized_input,Kullanıcı girdisi işlenmeden kullanılıyor olabilir.,$city_id = isset($_GET['city_id']) ? (int)$_GET['city_id'] : null;
FST_Cost_V1/api/definitions/vehicles.php,90,medium,unsanitized_input,Kullanıcı girdisi işlenmeden kullanılıyor olabilir.,$company_id = isset($_GET['company_id']) ? (int)$_GET['company_id'] : null;
FST_Cost_V1/api/definitions/vehicles.php,94,medium,unsanitized_input,Kullanıcı girdisi işlenmeden kullanılıyor olabilir.,$company_id = isset($_GET['company_id']) ? (int)$_GET['company_id'] : null;
FST_Cost_V1/api/definitions/vehicles.php,146,medium,unsanitized_input,Kullanıcı girdisi işlenmeden kullanılıyor olabilir.,$id = $_GET['id'] ?? null;
FST_Cost_V1/api/definitions/vehicles.php,170,high,sql_injection,SQL sorgusu içinde string birleştirme veya ham kullanıcı girdisi kullanımı.,"$query = ""SELECT c.id, c.name, c.region_id, r.name as region_name, co.name as country_name"
FST_Cost_V1/api/definitions/vehicles.php,189,high,sql_injection,SQL sorgusu içinde string birleştirme veya ham kullanıcı girdisi kullanımı.,"$query = ""SELECT vc.id, vc.name, vc.city_id, vc.contact_person, vc.contact_email, vc.contact_phone,"
FST_Cost_V1/api/definitions/vehicles.php,198,high,sql_injection,SQL sorgusu içinde string birleştirme veya ham kullanıcı girdisi kullanımı.,"$query = ""SELECT vc.id, vc.name, vc.city_id, vc.contact_person, vc.contact_email, vc.contact_phone,"
FST_Cost_V1/api/definitions/vehicles.php,280,high,sql_injection,SQL sorgusu içinde string birleştirme veya ham kullanıcı girdisi kullanımı.,"'message' => 'This vehicle company cannot be deleted because it has ' . $row['count'] . ' vehicle type(s) associated with it. Please delete all vehicle types first.',"
FST_Cost_V1/api/definitions/vehicles.php,280,high,file_inclusion,Değişkene bağlı include/require tespit edildi. RFI/LFI riski.,"'message' => 'This vehicle company cannot be deleted because it has ' . $row['count'] . ' vehicle type(s) associated with it. Please delete all vehicle types first.',"
FST_Cost_V1/api/definitions/vehicles.php,297,high,sql_injection,SQL sorgusu içinde string birleştirme veya ham kullanıcı girdisi kullanımı.,"'message' => 'This vehicle company cannot be deleted because it has ' . $row2['count'] . ' contract(s) associated with it. Please delete all contracts first.',"
FST_Cost_V1/api/definitions/vehicles.php,297,high,file_inclusion,Değişkene bağlı include/require tespit edildi. RFI/LFI riski.,"'message' => 'This vehicle company cannot be deleted because it has ' . $row2['count'] . ' contract(s) associated with it. Please delete all contracts first.',"
FST_Cost_V1/api/definitions/vehicles.php,319,high,sql_injection,SQL sorgusu içinde string birleştirme veya ham kullanıcı girdisi kullanımı.,"$query = ""SELECT vt.id, vt.name, vt.vehicle_company_id,"
FST_Cost_V1/api/definitions/vehicles.php,329,high,sql_injection,SQL sorgusu içinde string birleştirme veya ham kullanıcı girdisi kullanımı.,"$query = ""SELECT vt.id, vt.name, vt.vehicle_company_id,"
FST_Cost_V1/api/definitions/vehicles.php,402,high,sql_injection,SQL sorgusu içinde string birleştirme veya ham kullanıcı girdisi kullanımı.,"'message' => 'This vehicle type cannot be deleted because its vehicle company has ' . $row['count'] . ' contract(s) associated with it. Please delete all contracts first.',"
FST_Cost_V1/api/definitions/vehicles.php,402,high,file_inclusion,Değişkene bağlı include/require tespit edildi. RFI/LFI riski.,"'message' => 'This vehicle type cannot be deleted because its vehicle company has ' . $row['count'] . ' contract(s) associated with it. Please delete all contracts first.',"
FST_Cost_V1/api/definitions/vehicles.php,422,medium,unsanitized_input,Kullanıcı girdisi işlenmeden kullanılıyor olabilir.,$contract_id = isset($_GET['id']) ? (int)$_GET['id'] : null;
FST_Cost_V1/api/definitions/vehicles.php,426,high,sql_injection,SQL sorgusu içinde string birleştirme veya ham kullanıcı girdisi kullanımı.,"$query = ""SELECT vc.id, vc.vehicle_company_id, vc.contract_code, vc.start_date, vc.end_date,"
FST_Cost_V1/api/definitions/vehicles.php,449,high,sql_injection,SQL sorgusu içinde string birleştirme veya ham kullanıcı girdisi kullanımı.,"$query = ""SELECT vc.id, vc.vehicle_company_id, vc.contract_code, vc.start_date, vc.end_date,"
FST_Cost_V1/api/definitions/vehicles.php,468,high,sql_injection,SQL sorgusu içinde string birleştirme veya ham kullanıcı girdisi kullanımı.,"$query = ""SELECT vc.id, vc.vehicle_company_id, vc.contract_code, vc.start_date, vc.end_date,"
FST_Cost_V1/api/definitions/vehicles.php,603,high,sql_injection,SQL sorgusu içinde string birleştirme veya ham kullanıcı girdisi kullanımı.,"'message' => 'This contract cannot be deleted because it has ' . $row['count'] . ' route(s) associated with it. Please delete all routes first.',"
FST_Cost_V1/api/definitions/vehicles.php,603,high,file_inclusion,Değişkene bağlı include/require tespit edildi. RFI/LFI riski.,"'message' => 'This contract cannot be deleted because it has ' . $row['count'] . ' route(s) associated with it. Please delete all routes first.',"
FST_Cost_V1/api/definitions/vehicles.php,628,medium,unsanitized_input,Kullanıcı girdisi işlenmeden kullanılıyor olabilir.,$vehicle_company_id = (int)$_POST['vehicle_company_id'];
FST_Cost_V1/api/definitions/vehicles.php,703,high,file_inclusion,Değişkene bağlı include/require tespit edildi. RFI/LFI riski.,"'message' => ""Imported $successCount contracts successfully"" . ($errorCount > 0 ? "". $errorCount errors occurred."" : ''),"
FST_Cost_V1/app/guide.php,14,high,file_inclusion,Değişkene bağlı include/require tespit edildi. RFI/LFI riski.,header('Location: ' . $basePath . 'login.php');
FST_Cost_V1/app/guide.php,14,low,redirect_flow,Yönlendirme sonrası exit eksik olabilir.,header('Location: ' . $basePath . 'login.php');
FST_Cost_V1/app/definitions/costs.php,14,high,file_inclusion,Değişkene bağlı include/require tespit edildi. RFI/LFI riski.,header('Location: ' . $basePath . 'login.php');
FST_Cost_V1/app/definitions/costs.php,14,low,redirect_flow,Yönlendirme sonrası exit eksik olabilir.,header('Location: ' . $basePath . 'login.php');
FST_Cost_V1/app/definitions/currencies.php,14,high,file_inclusion,Değişkene bağlı include/require tespit edildi. RFI/LFI riski.,header('Location: ' . $basePath . 'login.php');
FST_Cost_V1/app/definitions/currencies.php,14,low,redirect_flow,Yönlendirme sonrası exit eksik olabilir.,header('Location: ' . $basePath . 'login.php');
FST_Cost_V1/app/definitions/currency-country.php,5,high,file_inclusion,Değişkene bağlı include/require tespit edildi. RFI/LFI riski.,header('Location: ' . $basePath . 'login.php');
FST_Cost_V1/app/definitions/currency-country.php,5,low,redirect_flow,Yönlendirme sonrası exit eksik olabilir.,header('Location: ' . $basePath . 'login.php');
FST_Cost_V1/app/definitions/currency-country.php,12,medium,unsanitized_input,Kullanıcı girdisi işlenmeden kullanılıyor olabilir.,$countryId = isset($_GET['id']) ? (int)$_GET['id'] : 0;
FST_Cost_V1/app/definitions/languages.php,14,high,file_inclusion,Değişkene bağlı include/require tespit edildi. RFI/LFI riski.,header('Location: ' . $basePath . 'login.php');
FST_Cost_V1/app/definitions/languages.php,14,low,redirect_flow,Yönlendirme sonrası exit eksik olabilir.,header('Location: ' . $basePath . 'login.php');
FST_Cost_V1/app/definitions/languages.php,108,info,i18n,Çeviri dosyası dışında yerelleştirilmiş sabit metin olabilir.,"<input type=""text"" name=""name"" placeholder=""<?php echo $t_lang_mgmt['language_name_placeholder'] ?? 'e.g., Deutsch, Français, Español'; ?>"" required>"
FST_Cost_V1/app/definitions/locations.php,14,high,file_inclusion,Değişkene bağlı include/require tespit edildi. RFI/LFI riski.,header('Location: ' . $basePath . 'login.php');
FST_Cost_V1/app/definitions/locations.php,14,low,redirect_flow,Yönlendirme sonrası exit eksik olabilir.,header('Location: ' . $basePath . 'login.php');
FST_Cost_V1/app/definitions/merchants.php,15,high,file_inclusion,Değişkene bağlı include/require tespit edildi. RFI/LFI riski.,header('Location: ' . $basePath . 'login.php');
FST_Cost_V1/app/definitions/merchants.php,15,low,redirect_flow,Yönlendirme sonrası exit eksik olabilir.,header('Location: ' . $basePath . 'login.php');
FST_Cost_V1/app/definitions/merchants.php,115,info,i18n,Çeviri dosyası dışında yerelleştirilmiş sabit metin olabilir.,<label><?php echo $t_merchants['operasyon_name'] ?? 'Operasyon Adı'; ?></label>
FST_Cost_V1/app/definitions/positions.php,15,high,file_inclusion,Değişkene bağlı include/require tespit edildi. RFI/LFI riski.,header('Location: ' . $basePath . 'login.php');
FST_Cost_V1/app/definitions/positions.php,15,low,redirect_flow,Yönlendirme sonrası exit eksik olabilir.,header('Location: ' . $basePath . 'login.php');
FST_Cost_V1/app/definitions/positions.php,103,info,i18n,Çeviri dosyası dışında yerelleştirilmiş sabit metin olabilir.,"<option value=""""><?php echo $t_positions['loading_data'] ?? 'Yükleniyor...'; ?></option>"
FST_Cost_V1/app/definitions/positions.php,135,info,i18n,Çeviri dosyası dışında yerelleştirilmiş sabit metin olabilir.,"<option value=""""><?php echo $t_positions['loading_data'] ?? 'Yükleniyor...'; ?></option>"
FST_Cost_V1/app/definitions/tours.php,15,high,file_inclusion,Değişkene bağlı include/require tespit edildi. RFI/LFI riski.,header('Location: ' . $basePath . 'login.php');
FST_Cost_V1/app/definitions/tours.php,15,low,redirect_flow,Yönlendirme sonrası exit eksik olabilir.,header('Location: ' . $basePath . 'login.php');
FST_Cost_V1/app/definitions/tours.php,109,high,sql_injection,SQL sorgusu içinde string birleştirme veya ham kullanıcı girdisi kullanımı.,"<option value=""""><?php echo $t_common['select'] ?? 'Select...'; ?></option>"
FST_Cost_V1/app/definitions/tours.php,116,high,sql_injection,SQL sorgusu içinde string birleştirme veya ham kullanıcı girdisi kullanımı.,"<option value=""""><?php echo $t_common['select'] ?? 'Select...'; ?></option>"
FST_Cost_V1/app/definitions/tours.php,123,high,sql_injection,SQL sorgusu içinde string birleştirme veya ham kullanıcı girdisi kullanımı.,"<option value=""""><?php echo $t_common['select'] ?? 'Select...'; ?></option>"
FST_Cost_V1/app/definitions/tours.php,129,info,i18n,Çeviri dosyası dışında yerelleştirilmiş sabit metin olabilir.,<label><?php echo $t_tours['tour_regions'] ?? 'Bu Turun Gerçekleştiği Bölgeler'; ?></label>
FST_Cost_V1/app/definitions/tours.php,133,info,i18n,Çeviri dosyası dışında yerelleştirilmiş sabit metin olabilir.,<?php echo $t_tours['select_all'] ?? 'Tümünü Seç'; ?>
FST_Cost_V1/app/definitions/tours.php,137,info,i18n,Çeviri dosyası dışında yerelleştirilmiş sabit metin olabilir.,<?php echo $t_tours['deselect_all'] ?? 'Tümünü Temizle'; ?>
FST_Cost_V1/app/definitions/tours.php,143,info,i18n,Çeviri dosyası dışında yerelleştirilmiş sabit metin olabilir.,"<input type=""text"" id=""region_search"" placeholder=""<?php echo $t_tours['search_regions'] ?? 'Bölge ara...'; ?>"" onkeyup=""filterRegions(this.value)"">"
FST_Cost_V1/app/definitions/tours.php,147,info,i18n,Çeviri dosyası dışında yerelleştirilmiş sabit metin olabilir.,"<div class=""checkbox-message""><?php echo $t_tours['select_regions_first'] ?? 'Önce ülke, bölge ve şehir seçin'; ?></div>"
FST_Cost_V1/app/definitions/users.php,14,high,file_inclusion,Değişkene bağlı include/require tespit edildi. RFI/LFI riski.,header('Location: ' . $basePath . 'login.php');
FST_Cost_V1/app/definitions/users.php,14,low,redirect_flow,Yönlendirme sonrası exit eksik olabilir.,header('Location: ' . $basePath . 'login.php');
FST_Cost_V1/app/definitions/vehicles.php,15,high,file_inclusion,Değişkene bağlı include/require tespit edildi. RFI/LFI riski.,header('Location: ' . $basePath . 'login.php');
FST_Cost_V1/app/definitions/vehicles.php,15,low,redirect_flow,Yönlendirme sonrası exit eksik olabilir.,header('Location: ' . $basePath . 'login.php');
FST_Cost_V1/assets/css/common.css,55,low,css_smell,!important aşırı kullanımı olasılığı.,overflow-x: auto !important;
FST_Cost_V1/assets/css/common.css,89,low,css_smell,!important aşırı kullanımı olasılığı.,overflow-x: auto !important;
FST_Cost_V1/assets/css/common.css,117,low,css_smell,!important aşırı kullanımı olasılığı.,width: max-content !important;
FST_Cost_V1/assets/css/common.css,118,low,css_smell,!important aşırı kullanımı olasılığı.,min-width: 600px !important;
FST_Cost_V1/assets/css/common.css,380,low,css_smell,!important aşırı kullanımı olasılığı.,margin-left: 0 !important;
FST_Cost_V1/assets/css/common.css,381,low,css_smell,!important aşırı kullanımı olasılığı.,width: 100% !important;
FST_Cost_V1/assets/css/common.css,386,low,css_smell,!important aşırı kullanımı olasılığı.,margin-left: 0 !important;
FST_Cost_V1/assets/css/common.css,387,low,css_smell,!important aşırı kullanımı olasılığı.,width: 100% !important;
FST_Cost_V1/assets/css/common.css,413,low,css_smell,!important aşırı kullanımı olasılığı.,overflow-x: auto !important;
FST_Cost_V1/assets/css/common.css,422,low,css_smell,!important aşırı kullanımı olasılığı.,min-width: 800px !important; /* Wider minimum for mobile scrolling */
FST_Cost_V1/assets/css/common.css,423,low,css_smell,!important aşırı kullanımı olasılığı.,width: max-content !important;
FST_Cost_V1/assets/css/common.css,431,low,css_smell,!important aşırı kullanımı olasılığı.,white-space: nowrap !important;
FST_Cost_V1/assets/css/common.css,624,low,css_smell,!important aşırı kullanımı olasılığı.,min-width: 700px !important;
FST_Cost_V1/assets/css/confirm-dialog.css,3,low,css_smell,!important aşırı kullanımı olasılığı.,position: fixed !important;
FST_Cost_V1/assets/css/confirm-dialog.css,4,low,css_smell,!important aşırı kullanımı olasılığı.,top: 0 !important;
FST_Cost_V1/assets/css/confirm-dialog.css,5,low,css_smell,!important aşırı kullanımı olasılığı.,left: 0 !important;
FST_Cost_V1/assets/css/confirm-dialog.css,6,low,css_smell,!important aşırı kullanımı olasılığı.,right: 0 !important;
FST_Cost_V1/assets/css/confirm-dialog.css,7,low,css_smell,!important aşırı kullanımı olasılığı.,bottom: 0 !important;
FST_Cost_V1/assets/css/confirm-dialog.css,8,low,css_smell,!important aşırı kullanımı olasılığı.,width: 100vw !important;
FST_Cost_V1/assets/css/confirm-dialog.css,9,low,css_smell,!important aşırı kullanımı olasılığı.,height: 100vh !important;
FST_Cost_V1/assets/css/confirm-dialog.css,11,low,css_smell,!important aşırı kullanımı olasılığı.,display: flex !important;
FST_Cost_V1/assets/css/confirm-dialog.css,14,low,css_smell,!important aşırı kullanımı olasılığı.,z-index: 99999 !important;
FST_Cost_V1/assets/css/app/guide.css,73,low,css_smell,!important aşırı kullanımı olasılığı.,overflow-x: auto !important;
FST_Cost_V1/assets/css/app/guide.css,113,low,css_smell,!important aşırı kullanımı olasılığı.,width: max-content !important;
FST_Cost_V1/assets/css/app/guide.css,114,low,css_smell,!important aşırı kullanımı olasılığı.,min-width: 1200px !important;
FST_Cost_V1/assets/css/app/guide.css,275,low,css_smell,!important aşırı kullanımı olasılığı.,position: fixed !important;
FST_Cost_V1/assets/css/app/guide.css,276,low,css_smell,!important aşırı kullanımı olasılığı.,top: 20px !important;
FST_Cost_V1/assets/css/app/guide.css,277,low,css_smell,!important aşırı kullanımı olasılığı.,right: 20px !important;
FST_Cost_V1/assets/css/app/guide.css,278,low,css_smell,!important aşırı kullanımı olasılığı.,bottom: auto !important;
FST_Cost_V1/assets/css/app/guide.css,279,low,css_smell,!important aşırı kullanımı olasılığı.,left: auto !important;
FST_Cost_V1/assets/css/app/guide.css,280,low,css_smell,!important aşırı kullanımı olasılığı.,z-index: 9999 !important;
FST_Cost_V1/assets/css/app/guide.css,296,low,css_smell,!important aşırı kullanımı olasılığı.,overflow-x: auto !important;
FST_Cost_V1/assets/css/app/guide.css,306,low,css_smell,!important aşırı kullanımı olasılığı.,overflow: visible !important;
FST_Cost_V1/assets/css/app/guide.css,310,low,css_smell,!important aşırı kullanımı olasılığı.,min-width: 1200px !important; /* Force horizontal scroll */
FST_Cost_V1/assets/css/app/guide.css,311,low,css_smell,!important aşırı kullanımı olasılığı.,width: max-content !important;
FST_Cost_V1/assets/css/app/guide.css,312,low,css_smell,!important aşırı kullanımı olasılığı.,display: table !important;
FST_Cost_V1/assets/css/app/guide.css,320,low,css_smell,!important aşırı kullanımı olasılığı.,white-space: nowrap !important;
FST_Cost_V1/assets/css/app/guide.css,391,low,css_smell,!important aşırı kullanımı olasılığı.,min-width: 1100px !important;
FST_Cost_V1/assets/css/app/guide.css,399,low,css_smell,!important aşırı kullanımı olasılığı.,white-space: nowrap !important;
FST_Cost_V1/assets/css/app/definitions/costs.css,4,low,css_smell,!important aşırı kullanımı olasılığı.,border: 2px solid #dc3545 !important;
FST_Cost_V1/assets/css/app/definitions/costs.css,5,low,css_smell,!important aşırı kullanımı olasılığı.,background-color: #fff5f5 !important;
FST_Cost_V1/assets/css/app/definitions/costs.css,10,low,css_smell,!important aşırı kullanımı olasılığı.,outline: 2px solid #dc3545 !important;
FST_Cost_V1/assets/css/app/definitions/costs.css,424,low,css_smell,!important aşırı kullanımı olasılığı.,position: fixed !important;
FST_Cost_V1/assets/css/app/definitions/costs.css,425,low,css_smell,!important aşırı kullanımı olasılığı.,top: 20px !important;
FST_Cost_V1/assets/css/app/definitions/costs.css,426,low,css_smell,!important aşırı kullanımı olasılığı.,right: 20px !important;
FST_Cost_V1/assets/css/app/definitions/costs.css,427,low,css_smell,!important aşırı kullanımı olasılığı.,bottom: auto !important;
FST_Cost_V1/assets/css/app/definitions/costs.css,428,low,css_smell,!important aşırı kullanımı olasılığı.,left: auto !important;
FST_Cost_V1/assets/css/app/definitions/costs.css,429,low,css_smell,!important aşırı kullanımı olasılığı.,z-index: 9999 !important;
FST_Cost_V1/assets/css/app/definitions/currencies.css,281,low,css_smell,!important aşırı kullanımı olasılığı.,position: fixed !important;
FST_Cost_V1/assets/css/app/definitions/currencies.css,282,low,css_smell,!important aşırı kullanımı olasılığı.,top: 20px !important;
FST_Cost_V1/assets/css/app/definitions/currencies.css,283,low,css_smell,!important aşırı kullanımı olasılığı.,right: 20px !important;
FST_Cost_V1/assets/css/app/definitions/currencies.css,284,low,css_smell,!important aşırı kullanımı olasılığı.,bottom: auto !important;
FST_Cost_V1/assets/css/app/definitions/currencies.css,285,low,css_smell,!important aşırı kullanımı olasılığı.,left: auto !important;
FST_Cost_V1/assets/css/app/definitions/currencies.css,352,low,css_smell,!important aşırı kullanımı olasılığı.,.toast-container { left: 10px !important; right: 10px !important; top: 10px !important; }
FST_Cost_V1/assets/css/app/definitions/currencies.css,392,low,css_smell,!important aşırı kullanımı olasılığı.,background: #f3f4f6 !important;
FST_Cost_V1/assets/css/app/definitions/currencies.css,395,low,css_smell,!important aşırı kullanımı olasılığı.,background: #eef2ff !important;
FST_Cost_V1/assets/css/app/definitions/currencies.css,396,low,css_smell,!important aşırı kullanımı olasılığı.,border-color: #c7d2fe !important;
FST_Cost_V1/assets/css/app/definitions/currencies.css,400,low,css_smell,!important aşırı kullanımı olasılığı.,background: #3b82f6 !important;
FST_Cost_V1/assets/css/app/definitions/currencies.css,401,low,css_smell,!important aşırı kullanımı olasılığı.,color: #fff !important;
FST_Cost_V1/assets/css/app/definitions/currencies.css,402,low,css_smell,!important aşırı kullanımı olasılığı.,border-color: #2563eb !important;
FST_Cost_V1/assets/css/app/definitions/locations.css,4,low,css_smell,!important aşırı kullanımı olasılığı.,border: 2px solid #dc3545 !important;
FST_Cost_V1/assets/css/app/definitions/locations.css,5,low,css_smell,!important aşırı kullanımı olasılığı.,background-color: #fff5f5 !important;
FST_Cost_V1/assets/css/app/definitions/locations.css,10,low,css_smell,!important aşırı kullanımı olasılığı.,outline: 2px solid #dc3545 !important;
FST_Cost_V1/assets/css/app/definitions/locations.css,24,low,css_smell,!important aşırı kullanımı olasılığı.,border-color: #dc3545 !important;
FST_Cost_V1/assets/css/app/definitions/locations.css,419,low,css_smell,!important aşırı kullanımı olasılığı.,position: fixed !important;
FST_Cost_V1/assets/css/app/definitions/locations.css,420,low,css_smell,!important aşırı kullanımı olasılığı.,top: 20px !important;
FST_Cost_V1/assets/css/app/definitions/locations.css,421,low,css_smell,!important aşırı kullanımı olasılığı.,right: 20px !important;
FST_Cost_V1/assets/css/app/definitions/locations.css,422,low,css_smell,!important aşırı kullanımı olasılığı.,bottom: auto !important;
FST_Cost_V1/assets/css/app/definitions/locations.css,423,low,css_smell,!important aşırı kullanımı olasılığı.,left: auto !important;
FST_Cost_V1/assets/css/app/definitions/locations.css,424,low,css_smell,!important aşırı kullanımı olasılığı.,z-index: 9999 !important;
FST_Cost_V1/assets/css/app/definitions/merchants.css,4,low,css_smell,!important aşırı kullanımı olasılığı.,border: 2px solid #dc3545 !important;
FST_Cost_V1/assets/css/app/definitions/merchants.css,5,low,css_smell,!important aşırı kullanımı olasılığı.,background-color: #fff5f5 !important;
FST_Cost_V1/assets/css/app/definitions/merchants.css,10,low,css_smell,!important aşırı kullanımı olasılığı.,outline: 2px solid #dc3545 !important;
FST_Cost_V1/assets/css/app/definitions/merchants.css,444,low,css_smell,!important aşırı kullanımı olasılığı.,position: fixed !important;
FST_Cost_V1/assets/css/app/definitions/merchants.css,445,low,css_smell,!important aşırı kullanımı olasılığı.,top: 20px !important;
FST_Cost_V1/assets/css/app/definitions/merchants.css,446,low,css_smell,!important aşırı kullanımı olasılığı.,right: 20px !important;
FST_Cost_V1/assets/css/app/definitions/merchants.css,447,low,css_smell,!important aşırı kullanımı olasılığı.,bottom: auto !important;
FST_Cost_V1/assets/css/app/definitions/merchants.css,448,low,css_smell,!important aşırı kullanımı olasılığı.,left: auto !important;
FST_Cost_V1/assets/css/app/definitions/merchants.css,449,low,css_smell,!important aşırı kullanımı olasılığı.,z-index: 9999 !important;
FST_Cost_V1/assets/css/app/definitions/merchants.css,564,low,css_smell,!important aşırı kullanımı olasılığı.,position: fixed !important;
FST_Cost_V1/assets/css/app/definitions/merchants.css,565,low,css_smell,!important aşırı kullanımı olasılığı.,z-index: 99999 !important;
FST_Cost_V1/assets/css/app/definitions/positions.css,4,low,css_smell,!important aşırı kullanımı olasılığı.,border: 2px solid #dc3545 !important;
FST_Cost_V1/assets/css/app/definitions/positions.css,5,low,css_smell,!important aşırı kullanımı olasılığı.,background-color: #fff5f5 !important;
FST_Cost_V1/assets/css/app/definitions/positions.css,10,low,css_smell,!important aşırı kullanımı olasılığı.,outline: 2px solid #dc3545 !important;
FST_Cost_V1/assets/css/app/definitions/positions.css,404,low,css_smell,!important aşırı kullanımı olasılığı.,position: fixed !important;
FST_Cost_V1/assets/css/app/definitions/positions.css,405,low,css_smell,!important aşırı kullanımı olasılığı.,top: 20px !important;
FST_Cost_V1/assets/css/app/definitions/positions.css,406,low,css_smell,!important aşırı kullanımı olasılığı.,right: 20px !important;
FST_Cost_V1/assets/css/app/definitions/positions.css,407,low,css_smell,!important aşırı kullanımı olasılığı.,bottom: auto !important;
FST_Cost_V1/assets/css/app/definitions/positions.css,408,low,css_smell,!important aşırı kullanımı olasılığı.,left: auto !important;
FST_Cost_V1/assets/css/app/definitions/positions.css,409,low,css_smell,!important aşırı kullanımı olasılığı.,z-index: 9999 !important;
FST_Cost_V1/assets/css/app/definitions/tours.css,4,low,css_smell,!important aşırı kullanımı olasılığı.,border: 2px solid #dc3545 !important;
FST_Cost_V1/assets/css/app/definitions/tours.css,5,low,css_smell,!important aşırı kullanımı olasılığı.,background-color: #fff5f5 !important;
FST_Cost_V1/assets/css/app/definitions/tours.css,10,low,css_smell,!important aşırı kullanımı olasılığı.,outline: 2px solid #dc3545 !important;
FST_Cost_V1/assets/css/app/definitions/tours.css,452,low,css_smell,!important aşırı kullanımı olasılığı.,position: fixed !important;
FST_Cost_V1/assets/css/app/definitions/tours.css,453,low,css_smell,!important aşırı kullanımı olasılığı.,top: 20px !important;
FST_Cost_V1/assets/css/app/definitions/tours.css,454,low,css_smell,!important aşırı kullanımı olasılığı.,right: 20px !important;
FST_Cost_V1/assets/css/app/definitions/tours.css,455,low,css_smell,!important aşırı kullanımı olasılığı.,bottom: auto !important;
FST_Cost_V1/assets/css/app/definitions/tours.css,456,low,css_smell,!important aşırı kullanımı olasılığı.,left: auto !important;
FST_Cost_V1/assets/css/app/definitions/tours.css,457,low,css_smell,!important aşırı kullanımı olasılığı.,z-index: 9999 !important;
FST_Cost_V1/assets/css/app/definitions/users.css,334,low,css_smell,!important aşırı kullanımı olasılığı.,position: fixed !important;
FST_Cost_V1/assets/css/app/definitions/users.css,335,low,css_smell,!important aşırı kullanımı olasılığı.,top: 20px !important;
FST_Cost_V1/assets/css/app/definitions/users.css,336,low,css_smell,!important aşırı kullanımı olasılığı.,right: 20px !important;
FST_Cost_V1/assets/css/app/definitions/users.css,337,low,css_smell,!important aşırı kullanımı olasılığı.,bottom: auto !important;
FST_Cost_V1/assets/css/app/definitions/users.css,338,low,css_smell,!important aşırı kullanımı olasılığı.,left: auto !important;
FST_Cost_V1/assets/css/app/definitions/users.css,487,low,css_smell,!important aşırı kullanımı olasılığı.,left: 10px !important;
FST_Cost_V1/assets/css/app/definitions/users.css,488,low,css_smell,!important aşırı kullanımı olasılığı.,right: 10px !important;
FST_Cost_V1/assets/css/app/definitions/users.css,489,low,css_smell,!important aşırı kullanımı olasılığı.,top: 10px !important;
FST_Cost_V1/assets/css/app/definitions/vehicles.css,4,low,css_smell,!important aşırı kullanımı olasılığı.,border: 2px solid #dc3545 !important;
FST_Cost_V1/assets/css/app/definitions/vehicles.css,5,low,css_smell,!important aşırı kullanımı olasılığı.,background-color: #fff5f5 !important;
FST_Cost_V1/assets/css/app/definitions/vehicles.css,10,low,css_smell,!important aşırı kullanımı olasılığı.,outline: 2px solid #dc3545 !important;
FST_Cost_V1/assets/css/app/definitions/vehicles.css,453,low,css_smell,!important aşırı kullanımı olasılığı.,position: fixed !important;
FST_Cost_V1/assets/css/app/definitions/vehicles.css,454,low,css_smell,!important aşırı kullanımı olasılığı.,top: 20px !important;
FST_Cost_V1/assets/css/app/definitions/vehicles.css,455,low,css_smell,!important aşırı kullanımı olasılığı.,right: 20px !important;
FST_Cost_V1/assets/css/app/definitions/vehicles.css,456,low,css_smell,!important aşırı kullanımı olasılığı.,bottom: auto !important;
FST_Cost_V1/assets/css/app/definitions/vehicles.css,457,low,css_smell,!important aşırı kullanımı olasılığı.,left: auto !important;
FST_Cost_V1/assets/css/app/definitions/vehicles.css,458,low,css_smell,!important aşırı kullanımı olasılığı.,z-index: 9999 !important;
FST_Cost_V1/assets/css/includes/sidebar.css,414,low,css_smell,!important aşırı kullanımı olasılığı.,opacity: 1 !important;
FST_Cost_V1/assets/css/includes/sidebar.css,415,low,css_smell,!important aşırı kullanımı olasılığı.,pointer-events: auto !important;
FST_Cost_V1/assets/css/includes/sidebar.css,460,low,css_smell,!important aşırı kullanımı olasılığı.,height: auto !important;
FST_Cost_V1/assets/css/includes/sidebar.css,461,low,css_smell,!important aşırı kullanımı olasılığı.,padding: 6px 0 !important;
FST_Cost_V1/assets/css/includes/sidebar.css,481,low,css_smell,!important aşırı kullanımı olasılığı.,opacity: 1 !important;
FST_Cost_V1/assets/css/includes/sidebar.css,482,low,css_smell,!important aşırı kullanımı olasılığı.,visibility: visible !important;
FST_Cost_V1/assets/css/includes/sidebar.css,483,low,css_smell,!important aşırı kullanımı olasılığı.,pointer-events: auto !important;
FST_Cost_V1/assets/css/includes/sidebar.css,484,low,css_smell,!important aşırı kullanımı olasılığı.,"transition: opacity 0.15s ease, visibility 0.15s ease !important;"
FST_Cost_V1/assets/css/includes/sidebar.css,492,low,css_smell,!important aşırı kullanımı olasılığı.,opacity: 0 !important;
FST_Cost_V1/assets/css/includes/sidebar.css,493,low,css_smell,!important aşırı kullanımı olasılığı.,visibility: hidden !important;
FST_Cost_V1/assets/css/includes/sidebar.css,494,low,css_smell,!important aşırı kullanımı olasılığı.,pointer-events: none !important;
FST_Cost_V1/assets/css/includes/sidebar.css,495,low,css_smell,!important aşırı kullanımı olasılığı.,"transition: opacity 0s ease, visibility 0s ease !important;"
FST_Cost_V1/assets/css/includes/sidebar.css,502,low,css_smell,!important aşırı kullanımı olasılığı.,display: none !important;
FST_Cost_V1/assets/css/includes/sidebar.css,609,low,css_smell,!important aşırı kullanımı olasılığı.,display: none !important;
FST_Cost_V1/assets/css/includes/sidebar.css,694,low,css_smell,!important aşırı kullanımı olasılığı.,display: initial !important;
FST_Cost_V1/assets/css/includes/sidebar.css,695,low,css_smell,!important aşırı kullanımı olasılığı.,opacity: 1 !important;
FST_Cost_V1/assets/css/includes/sidebar.css,696,low,css_smell,!important aşırı kullanımı olasılığı.,pointer-events: auto !important;
FST_Cost_V1/assets/css/includes/sidebar.css,716,low,css_smell,!important aşırı kullanımı olasılığı.,position: static !important;
FST_Cost_V1/assets/css/includes/sidebar.css,717,low,css_smell,!important aşırı kullanımı olasılığı.,height: 0 !important;
FST_Cost_V1/assets/css/includes/sidebar.css,718,low,css_smell,!important aşırı kullanımı olasılığı.,padding: 0 !important;
FST_Cost_V1/assets/css/includes/sidebar.css,719,low,css_smell,!important aşırı kullanımı olasılığı.,opacity: 1 !important;
FST_Cost_V1/assets/css/includes/sidebar.css,720,low,css_smell,!important aşırı kullanımı olasılığı.,pointer-events: none !important;
FST_Cost_V1/assets/css/includes/sidebar.css,721,low,css_smell,!important aşırı kullanımı olasılığı.,left: auto !important;
FST_Cost_V1/assets/css/includes/sidebar.css,722,low,css_smell,!important aşırı kullanımı olasılığı.,box-shadow: none !important;
FST_Cost_V1/assets/css/includes/sidebar.css,723,low,css_smell,!important aşırı kullanımı olasılığı.,border-radius: 0 !important;
FST_Cost_V1/assets/css/includes/sidebar.css,724,low,css_smell,!important aşırı kullanımı olasılığı.,background: transparent !important;
FST_Cost_V1/assets/css/includes/sidebar.css,725,low,css_smell,!important aşırı kullanımı olasılığı.,min-width: auto !important;
FST_Cost_V1/assets/css/includes/sidebar.css,726,low,css_smell,!important aşırı kullanımı olasılığı.,overflow-y: hidden !important;
FST_Cost_V1/assets/css/includes/sidebar.css,727,low,css_smell,!important aşırı kullanımı olasılığı.,transition: height 0.4s ease !important;
FST_Cost_V1/assets/css/includes/sidebar.css,728,low,css_smell,!important aşırı kullanımı olasılığı.,margin: 0 !important;
FST_Cost_V1/assets/css/includes/sidebar.css,733,low,css_smell,!important aşırı kullanımı olasılığı.,height: 0 !important;
FST_Cost_V1/assets/css/includes/sidebar.css,734,low,css_smell,!important aşırı kullanımı olasılığı.,display: none !important;
FST_Cost_V1/assets/css/includes/sidebar.css,739,low,css_smell,!important aşırı kullanımı olasılığı.,height: auto !important;
FST_Cost_V1/assets/css/includes/sidebar.css,740,low,css_smell,!important aşırı kullanımı olasılığı.,padding: 6px 0 6px 15px !important;
FST_Cost_V1/assets/css/includes/sidebar.css,741,low,css_smell,!important aşırı kullanımı olasılığı.,pointer-events: auto !important;
FST_Cost_V1/assets/css/includes/sidebar.css,742,low,css_smell,!important aşırı kullanımı olasılığı.,display: block !important;
FST_Cost_V1/assets/css/includes/sidebar.css,758,low,css_smell,!important aşırı kullanımı olasılığı.,display: none !important;
FST_Cost_V1/assets/css/includes/sidebar.css,763,low,css_smell,!important aşırı kullanımı olasılığı.,display: none !important;
FST_Cost_V1/assets/css/includes/sidebar.css,768,low,css_smell,!important aşırı kullanımı olasılığı.,display: block !important;
FST_Cost_V1/assets/css/includes/topbar.css,285,low,css_smell,!important aşırı kullanımı olasılığı.,left: 0 !important;
FST_Cost_V1/assets/css/includes/topbar.css,290,low,css_smell,!important aşırı kullanımı olasılığı.,left: 0 !important;
FST_Cost_V1/assets/css/includes/topbar.css,294,low,css_smell,!important aşırı kullanımı olasılığı.,left: 0 !important;
FST_Cost_V1/assets/css/includes/topbar.css,298,low,css_smell,!important aşırı kullanımı olasılığı.,left: 0 !important;
FST_Cost_V1/assets/js/common.js,225,medium,dom_xss,innerHTML ataması var. Kaynak güvenli mi?,"btn.innerHTML = `<span class=""material-symbols-rounded"">${action.icon}</span>`;"
FST_Cost_V1/assets/js/login.js,13,info,i18n,Çeviri dosyası dışında yerelleştirilmiş sabit metin olabilir.,"loading: 'Yükleniyor...',"
FST_Cost_V1/assets/js/login.js,14,info,i18n,Çeviri dosyası dışında yerelleştirilmiş sabit metin olabilir.,please_wait: 'Lütfen bekleyin...'
FST_Cost_V1/assets/js/login.js,72,medium,dom_xss,innerHTML ataması var. Kaynak güvenli mi?,"submitBtn.innerHTML = '<i class=""fas fa-spinner fa-spin""></i> ' + t('loading');"
FST_Cost_V1/assets/js/toast.js,31,medium,dom_xss,innerHTML ataması var. Kaynak güvenli mi?,toast.innerHTML = `
FST_Cost_V1/assets/js/toast.js,69,medium,dom_xss,innerHTML ataması var. Kaynak güvenli mi?,overlay.innerHTML = `
FST_Cost_V1/assets/js/toast.js,79,info,i18n,Çeviri dosyası dışında yerelleştirilmiş sabit metin olabilir.,"<button class=""btn-cancel"">${tCommon.no || 'Hayır'}</button>"
FST_Cost_V1/assets/js/app/guide.js,107,medium,dom_xss,innerHTML ataması var. Kaynak güvenli mi?,container.innerHTML = `
FST_Cost_V1/assets/js/app/guide.js,163,info,i18n,Çeviri dosyası dışında yerelleştirilmiş sabit metin olabilir.,"<th><span class=""type-badge user"">${tGuide.user || 'Kullanıcı'}</span></th>"
FST_Cost_V1/assets/js/app/guide.js,179,medium,dom_xss,innerHTML ataması var. Kaynak güvenli mi?,container.innerHTML = html;
FST_Cost_V1/assets/js/app/guide.js,197,info,i18n,Çeviri dosyası dışında yerelleştirilmiş sabit metin olabilir.,"html += `<td>${item.location_url ? '<a href=""' + encodeURI(item.location_url) + '"" target=""_blank"" rel=""noopener noreferrer"" class=""location-link"" title=""' + (tGuide.view_on_map || 'Haritada Gör') + '""><span class=""material-symbols-rounded"">location_on</span></a>' : '-'}</td>`;"
FST_Cost_V1/assets/js/app/guide.js,199,info,i18n,Çeviri dosyası dışında yerelleştirilmiş sabit metin olabilir.,"html += `<td><span class=""type-badge company"">${tGuide.vehicle_company || 'Taşımacı'}</span></td>`;"
FST_Cost_V1/assets/js/app/guide.js,206,info,i18n,Çeviri dosyası dışında yerelleştirilmiş sabit metin olabilir.,"html += `<td><span class=""type-badge user"">${tGuide.user || 'Kullanıcı'}</span></td>`;"
FST_Cost_V1/assets/js/app/guide.js,231,medium,dom_xss,innerHTML ataması var. Kaynak güvenli mi?,container.innerHTML = `
FST_Cost_V1/assets/js/app/guide.js,263,medium,dom_xss,innerHTML ataması var. Kaynak güvenli mi?,toast.innerHTML = `
FST_Cost_V1/assets/js/app/definitions/costs.js,90,medium,dom_xss,innerHTML ataması var. Kaynak güvenli mi?,container.innerHTML = `
FST_Cost_V1/assets/js/app/definitions/costs.js,146,medium,dom_xss,innerHTML ataması var. Kaynak güvenli mi?,container.innerHTML = html;
FST_Cost_V1/assets/js/app/definitions/costs.js,174,medium,dom_xss,innerHTML ataması var. Kaynak güvenli mi?,container.innerHTML = `
FST_Cost_V1/assets/js/app/definitions/currencies.js,126,medium,dom_xss,innerHTML ataması var. Kaynak güvenli mi?,tbody.innerHTML = `
FST_Cost_V1/assets/js/app/definitions/currencies.js,137,medium,dom_xss,innerHTML ataması var. Kaynak güvenli mi?,tbody.innerHTML = data.map(country => `
FST_Cost_V1/assets/js/app/definitions/currencies.js,158,medium,dom_xss,innerHTML ataması var. Kaynak güvenli mi?,body.innerHTML = `
FST_Cost_V1/assets/js/app/definitions/currencies.js,215,medium,dom_xss,innerHTML ataması var. Kaynak güvenli mi?,"sel.innerHTML = `<option value="""">${tCurrencies.select_currency || 'Select currency'}</option>`;"
FST_Cost_V1/assets/js/app/definitions/currencies.js,229,medium,dom_xss,innerHTML ataması var. Kaynak güvenli mi?,"sel.innerHTML = `<option value="""">${tCurrencies.select_currency || 'Select currency'}</option>`;"
FST_Cost_V1/assets/js/app/definitions/currencies.js,266,medium,dom_xss,innerHTML ataması var. Kaynak güvenli mi?,"container.innerHTML = `<div class=""empty-state""><span class=""material-symbols-rounded"">inventory_2</span><h3>${tCurrencies.no_country_currencies || 'No currencies assigned'}</h3></div>`;"
FST_Cost_V1/assets/js/app/definitions/currencies.js,289,medium,dom_xss,innerHTML ataması var. Kaynak güvenli mi?,container.innerHTML = html;
FST_Cost_V1/assets/js/app/definitions/currency-country.js,42,medium,dom_xss,innerHTML ataması var. Kaynak güvenli mi?,"ratesContainer.innerHTML = `<div class=""loading""><span class=""material-symbols-rounded"">sync</span><p>${tCommon.loading||'Loading...'}</p></div>`;"
FST_Cost_V1/assets/js/app/definitions/currency-country.js,214,medium,dom_xss,innerHTML ataması var. Kaynak güvenli mi?,picker.innerHTML = header + grids;
FST_Cost_V1/assets/js/app/definitions/currency-country.js,293,medium,dom_xss,innerHTML ataması var. Kaynak güvenli mi?,"sel.innerHTML = `<option value="""">${tCurrencies.select_currency||'Select currency'}</option>`;"
FST_Cost_V1/assets/js/app/definitions/currency-country.js,308,medium,dom_xss,innerHTML ataması var. Kaynak güvenli mi?,"sel.innerHTML = `<option value="""">${tCurrencies.select_currency||'Select currency'}</option>`;"
FST_Cost_V1/assets/js/app/definitions/currency-country.js,325,medium,dom_xss,innerHTML ataması var. Kaynak güvenli mi?,"sel.innerHTML = `<option value="""">${tCurrencies.select_currency||'Select currency'}</option>`;"
FST_Cost_V1/assets/js/app/definitions/currency-country.js,442,medium,dom_xss,innerHTML ataması var. Kaynak güvenli mi?,"if (dates.length === 0) { container.innerHTML = `<div class=""empty-state""><span class=""material-symbols-rounded"">inventory_2</span><h3>${tCurrencies.no_rates||'No rates'}</h3></div>`; return; }"
FST_Cost_V1/assets/js/app/definitions/currency-country.js,467,medium,dom_xss,innerHTML ataması var. Kaynak güvenli mi?,container.innerHTML = html;
FST_Cost_V1/assets/js/app/definitions/currency-country.js,548,medium,dom_xss,innerHTML ataması var. Kaynak güvenli mi?,list.innerHTML = html;
FST_Cost_V1/assets/js/app/definitions/currency-country.js,613,medium,dom_xss,innerHTML ataması var. Kaynak güvenli mi?,"if (!countryCurrencies.length) { container.innerHTML = `<div class=""empty-state""><span class=""material-symbols-rounded"">inventory_2</span><h3>${tCurrencies.no_country_currencies||'No currencies assigned'}</h3></div>`; return; }"
FST_Cost_V1/assets/js/app/definitions/currency-country.js,635,medium,dom_xss,innerHTML ataması var. Kaynak güvenli mi?,container.innerHTML = html;
FST_Cost_V1/assets/js/app/definitions/languages.js,115,medium,dom_xss,innerHTML ataması var. Kaynak güvenli mi?,"container.innerHTML = html || `<p style=""color: #9ca3af;"">${tLangMgmt.no_languages || 'No languages found'}</p>`;"
FST_Cost_V1/assets/js/app/definitions/languages.js,186,medium,dom_xss,innerHTML ataması var. Kaynak güvenli mi?,container.innerHTML = html;
FST_Cost_V1/assets/js/app/definitions/languages.js,356,medium,dom_xss,innerHTML ataması var. Kaynak güvenli mi?,document.getElementById('editor-content').innerHTML = `
FST_Cost_V1/assets/js/app/definitions/locations.js,142,medium,dom_xss,innerHTML ataması var. Kaynak güvenli mi?,container.innerHTML = `
FST_Cost_V1/assets/js/app/definitions/locations.js,199,medium,dom_xss,innerHTML ataması var. Kaynak güvenli mi?,container.innerHTML = html;
FST_Cost_V1/assets/js/app/definitions/locations.js,293,medium,dom_xss,innerHTML ataması var. Kaynak güvenli mi?,container.innerHTML = `
FST_Cost_V1/assets/js/app/definitions/locations.js,802,medium,dom_xss,innerHTML ataması var. Kaynak güvenli mi?,"select.innerHTML = `<option value="""">${tLoc.select_country || 'Select Country'}</option>`;"
FST_Cost_V1/assets/js/app/definitions/locations.js,816,medium,dom_xss,innerHTML ataması var. Kaynak güvenli mi?,"select.innerHTML = `<option value="""">${tLoc.select_region || 'Select Region'}</option>`;"
FST_Cost_V1/assets/js/app/definitions/locations.js,833,medium,dom_xss,innerHTML ataması var. Kaynak güvenli mi?,"select.innerHTML = `<option value="""">${tLoc.select_city || 'Select City'}</option>`;"
FST_Cost_V1/assets/js/app/definitions/locations.js,850,medium,dom_xss,innerHTML ataması var. Kaynak güvenli mi?,"select.innerHTML = `<option value="""">${tLoc.select_currency || 'Select currency'}</option>`;"
FST_Cost_V1/assets/js/app/definitions/locations.js,1078,medium,dom_xss,innerHTML ataması var. Kaynak güvenli mi?,toast.innerHTML = `
FST_Cost_V1/assets/js/app/definitions/merchants.js,92,medium,dom_xss,innerHTML ataması var. Kaynak güvenli mi?,container.innerHTML = `
FST_Cost_V1/assets/js/app/definitions/merchants.js,160,medium,dom_xss,innerHTML ataması var. Kaynak güvenli mi?,container.innerHTML = html;
FST_Cost_V1/assets/js/app/definitions/merchants.js,198,medium,dom_xss,innerHTML ataması var. Kaynak güvenli mi?,container.innerHTML = `
FST_Cost_V1/assets/js/app/definitions/merchants.js,418,medium,dom_xss,innerHTML ataması var. Kaynak güvenli mi?,"select.innerHTML = `<option value="""">${tMerchants.select_sub_region || 'Select Sub Region'}</option>`;"
FST_Cost_V1/assets/js/app/definitions/merchants.js,443,medium,dom_xss,innerHTML ataması var. Kaynak güvenli mi?,toast.innerHTML = `
FST_Cost_V1/assets/js/app/definitions/positions.js,138,medium,dom_xss,innerHTML ataması var. Kaynak güvenli mi?,container.innerHTML = `
FST_Cost_V1/assets/js/app/definitions/positions.js,183,medium,dom_xss,innerHTML ataması var. Kaynak güvenli mi?,container.innerHTML = html;
FST_Cost_V1/assets/js/app/definitions/positions.js,245,medium,dom_xss,innerHTML ataması var. Kaynak güvenli mi?,container.innerHTML = `
FST_Cost_V1/assets/js/app/definitions/positions.js,553,medium,dom_xss,innerHTML ataması var. Kaynak güvenli mi?,"select.innerHTML = `<option value="""">${tPos.select_city || 'Select City'}</option>`;"
FST_Cost_V1/assets/js/app/definitions/positions.js,562,medium,dom_xss,innerHTML ataması var. Kaynak güvenli mi?,"select.innerHTML = `<option value="""">Şehir bulunamadı</option>`;"
FST_Cost_V1/assets/js/app/definitions/positions.js,562,info,i18n,Çeviri dosyası dışında yerelleştirilmiş sabit metin olabilir.,"select.innerHTML = `<option value="""">Şehir bulunamadı</option>`;"
FST_Cost_V1/assets/js/app/definitions/positions.js,569,medium,dom_xss,innerHTML ataması var. Kaynak güvenli mi?,"select.innerHTML = `<option value="""">Hata - Şehirler yüklenemedi</option>`;"
FST_Cost_V1/assets/js/app/definitions/positions.js,569,info,i18n,Çeviri dosyası dışında yerelleştirilmiş sabit metin olabilir.,"select.innerHTML = `<option value="""">Hata - Şehirler yüklenemedi</option>`;"
FST_Cost_V1/assets/js/app/definitions/positions.js,581,medium,dom_xss,innerHTML ataması var. Kaynak güvenli mi?,"select.innerHTML = `<option value="""">${tPos.select_dept || 'Select Department'}</option>`;"
FST_Cost_V1/assets/js/app/definitions/positions.js,612,medium,dom_xss,innerHTML ataması var. Kaynak güvenli mi?,toast.innerHTML = `
FST_Cost_V1/assets/js/app/definitions/tours.js,112,medium,dom_xss,innerHTML ataması var. Kaynak güvenli mi?,container.innerHTML = `
FST_Cost_V1/assets/js/app/definitions/tours.js,145,info,i18n,Çeviri dosyası dışında yerelleştirilmiş sabit metin olabilir.,html += `<th>${tTours.tour_regions || 'Bu Turun Gerçekleştiği Bölgeler'}</th>`;
FST_Cost_V1/assets/js/app/definitions/tours.js,186,medium,dom_xss,innerHTML ataması var. Kaynak güvenli mi?,container.innerHTML = html;
FST_Cost_V1/assets/js/app/definitions/tours.js,222,medium,dom_xss,innerHTML ataması var. Kaynak güvenli mi?,container.innerHTML = `
FST_Cost_V1/assets/js/app/definitions/tours.js,487,medium,dom_xss,innerHTML ataması var. Kaynak güvenli mi?,"select.innerHTML = `<option value="""">${tTours.select_sub_region || 'Select Sub Region'}</option>`;"
FST_Cost_V1/assets/js/app/definitions/tours.js,503,medium,dom_xss,innerHTML ataması var. Kaynak güvenli mi?,"select.innerHTML = '<option value="""">Select...</option>';"
FST_Cost_V1/assets/js/app/definitions/tours.js,525,medium,dom_xss,innerHTML ataması var. Kaynak güvenli mi?,"select.innerHTML = '<option value="""">Select...</option>';"
FST_Cost_V1/assets/js/app/definitions/tours.js,526,medium,dom_xss,innerHTML ataması var. Kaynak güvenli mi?,"if (citySelect) citySelect.innerHTML = '<option value="""">Select...</option>';"
FST_Cost_V1/assets/js/app/definitions/tours.js,527,medium,dom_xss,innerHTML ataması var. Kaynak güvenli mi?,"if (subRegionSelect) subRegionSelect.innerHTML = '<option value="""">Önce ülke, bölge ve şehir seçin</option>';"
FST_Cost_V1/assets/js/app/definitions/tours.js,527,info,i18n,Çeviri dosyası dışında yerelleştirilmiş sabit metin olabilir.,"if (subRegionSelect) subRegionSelect.innerHTML = '<option value="""">Önce ülke, bölge ve şehir seçin</option>';"
FST_Cost_V1/assets/js/app/definitions/tours.js,535,medium,dom_xss,innerHTML ataması var. Kaynak güvenli mi?,"select.innerHTML = '<option value="""">Select...</option>';"
FST_Cost_V1/assets/js/app/definitions/tours.js,545,medium,dom_xss,innerHTML ataması var. Kaynak güvenli mi?,"if (citySelect) citySelect.innerHTML = '<option value="""">Select...</option>';"
FST_Cost_V1/assets/js/app/definitions/tours.js,547,medium,dom_xss,innerHTML ataması var. Kaynak güvenli mi?,"if (checkboxContainer) checkboxContainer.innerHTML = '<div class=""checkbox-message"">Önce ülke, bölge ve şehir seçin</div>';"
FST_Cost_V1/assets/js/app/definitions/tours.js,547,info,i18n,Çeviri dosyası dışında yerelleştirilmiş sabit metin olabilir.,"if (checkboxContainer) checkboxContainer.innerHTML = '<div class=""checkbox-message"">Önce ülke, bölge ve şehir seçin</div>';"
FST_Cost_V1/assets/js/app/definitions/tours.js,561,medium,dom_xss,innerHTML ataması var. Kaynak güvenli mi?,"select.innerHTML = '<option value="""">Select...</option>';"
FST_Cost_V1/assets/js/app/definitions/tours.js,562,medium,dom_xss,innerHTML ataması var. Kaynak güvenli mi?,"if (subRegionSelect) subRegionSelect.innerHTML = '<option value="""">Önce ülke, bölge ve şehir seçin</option>';"
FST_Cost_V1/assets/js/app/definitions/tours.js,562,info,i18n,Çeviri dosyası dışında yerelleştirilmiş sabit metin olabilir.,"if (subRegionSelect) subRegionSelect.innerHTML = '<option value="""">Önce ülke, bölge ve şehir seçin</option>';"
FST_Cost_V1/assets/js/app/definitions/tours.js,570,medium,dom_xss,innerHTML ataması var. Kaynak güvenli mi?,"select.innerHTML = '<option value="""">Select...</option>';"
FST_Cost_V1/assets/js/app/definitions/tours.js,581,medium,dom_xss,innerHTML ataması var. Kaynak güvenli mi?,"if (checkboxContainer) checkboxContainer.innerHTML = '<div class=""checkbox-message"">Önce ülke, bölge ve şehir seçin</div>';"
FST_Cost_V1/assets/js/app/definitions/tours.js,581,info,i18n,Çeviri dosyası dışında yerelleştirilmiş sabit metin olabilir.,"if (checkboxContainer) checkboxContainer.innerHTML = '<div class=""checkbox-message"">Önce ülke, bölge ve şehir seçin</div>';"
FST_Cost_V1/assets/js/app/definitions/tours.js,598,medium,dom_xss,innerHTML ataması var. Kaynak güvenli mi?,"container.innerHTML = '<div class=""checkbox-message"">Önce ülke, bölge ve şehir seçin</div>';"
FST_Cost_V1/assets/js/app/definitions/tours.js,598,info,i18n,Çeviri dosyası dışında yerelleştirilmiş sabit metin olabilir.,"container.innerHTML = '<div class=""checkbox-message"">Önce ülke, bölge ve şehir seçin</div>';"
FST_Cost_V1/assets/js/app/definitions/tours.js,610,medium,dom_xss,innerHTML ataması var. Kaynak güvenli mi?,container.innerHTML = '';
FST_Cost_V1/assets/js/app/definitions/tours.js,638,medium,dom_xss,innerHTML ataması var. Kaynak güvenli mi?,"container.innerHTML = '<div class=""checkbox-message"">Bu şehir için alt bölge bulunamadı</div>';"
FST_Cost_V1/assets/js/app/definitions/tours.js,638,info,i18n,Çeviri dosyası dışında yerelleştirilmiş sabit metin olabilir.,"container.innerHTML = '<div class=""checkbox-message"">Bu şehir için alt bölge bulunamadı</div>';"
FST_Cost_V1/assets/js/app/definitions/tours.js,646,medium,dom_xss,innerHTML ataması var. Kaynak güvenli mi?,"container.innerHTML = '<div class=""checkbox-message"">Bölgeler yüklenirken hata oluştu</div>';"
FST_Cost_V1/assets/js/app/definitions/tours.js,646,info,i18n,Çeviri dosyası dışında yerelleştirilmiş sabit metin olabilir.,"container.innerHTML = '<div class=""checkbox-message"">Bölgeler yüklenirken hata oluştu</div>';"
FST_Cost_V1/assets/js/app/definitions/tours.js,662,info,i18n,Çeviri dosyası dışında yerelleştirilmiş sabit metin olabilir.,selectedCount.textContent = `${count} / ${total} seçili`;
FST_Cost_V1/assets/js/app/definitions/tours.js,715,medium,dom_xss,innerHTML ataması var. Kaynak güvenli mi?,"select.innerHTML = `<option value="""">${tTours.select_merchant || 'Select Merchant'}</option>`;"
FST_Cost_V1/assets/js/app/definitions/tours.js,726,medium,dom_xss,innerHTML ataması var. Kaynak güvenli mi?,"select.innerHTML = `<option value="""">${tTours.select_merchant || 'Select Merchant'}</option>`;"
FST_Cost_V1/assets/js/app/definitions/tours.js,777,medium,dom_xss,innerHTML ataması var. Kaynak güvenli mi?,contractSelect.innerHTML = `
FST_Cost_V1/assets/js/app/definitions/tours.js,853,medium,dom_xss,innerHTML ataması var. Kaynak güvenli mi?,"select.innerHTML = '<option value="""">None</option>';"
FST_Cost_V1/assets/js/app/definitions/tours.js,871,medium,dom_xss,innerHTML ataması var. Kaynak güvenli mi?,"select.innerHTML = '<option value="""">None</option>' + routesOptions;"
FST_Cost_V1/assets/js/app/definitions/users.js,140,medium,dom_xss,innerHTML ataması var. Kaynak güvenli mi?,"selectElement.innerHTML = `<option value="""">${defaultText}</option>`;"
FST_Cost_V1/assets/js/app/definitions/users.js,198,medium,dom_xss,innerHTML ataması var. Kaynak güvenli mi?,"select.innerHTML = `<option value="""">${tUsers.select_department}</option>`;"
FST_Cost_V1/assets/js/app/definitions/users.js,234,medium,dom_xss,innerHTML ataması var. Kaynak güvenli mi?,"select.innerHTML = `<option value="""">${tUsers.select_position}</option>`;"
FST_Cost_V1/assets/js/app/definitions/users.js,267,medium,dom_xss,innerHTML ataması var. Kaynak güvenli mi?,"select.innerHTML = `<option value="""">${tUsers.select_country}</option>`;"
FST_Cost_V1/assets/js/app/definitions/users.js,285,medium,dom_xss,innerHTML ataması var. Kaynak güvenli mi?,"select.innerHTML = `<option value="""">${tUsers.select_region}</option>`;"
FST_Cost_V1/assets/js/app/definitions/users.js,309,medium,dom_xss,innerHTML ataması var. Kaynak güvenli mi?,"select.innerHTML = `<option value="""">${tUsers.select_region}</option>`;"
FST_Cost_V1/assets/js/app/definitions/users.js,328,medium,dom_xss,innerHTML ataması var. Kaynak güvenli mi?,"select.innerHTML = `<option value="""">${tUsers.select_city}</option>`;"
FST_Cost_V1/assets/js/app/definitions/users.js,352,medium,dom_xss,innerHTML ataması var. Kaynak güvenli mi?,"select.innerHTML = `<option value="""">${tUsers.select_city}</option>`;"
FST_Cost_V1/assets/js/app/definitions/users.js,372,medium,dom_xss,innerHTML ataması var. Kaynak güvenli mi?,container.innerHTML = `
FST_Cost_V1/assets/js/app/definitions/users.js,426,medium,dom_xss,innerHTML ataması var. Kaynak güvenli mi?,container.innerHTML = html;
FST_Cost_V1/assets/js/app/definitions/users.js,459,medium,dom_xss,innerHTML ataması var. Kaynak güvenli mi?,container.innerHTML = `
FST_Cost_V1/assets/js/app/definitions/users.js,643,medium,dom_xss,innerHTML ataması var. Kaynak güvenli mi?,"regionSelect.innerHTML = `<option value="""">${tUsers.select_region}</option>`;"
FST_Cost_V1/assets/js/app/definitions/vehicles.js,189,medium,dom_xss,innerHTML ataması var. Kaynak güvenli mi?,container.innerHTML = `
FST_Cost_V1/assets/js/app/definitions/vehicles.js,248,medium,dom_xss,innerHTML ataması var. Kaynak güvenli mi?,container.innerHTML = html;
FST_Cost_V1/assets/js/app/definitions/vehicles.js,322,medium,dom_xss,innerHTML ataması var. Kaynak güvenli mi?,container.innerHTML = `
FST_Cost_V1/assets/js/app/definitions/vehicles.js,793,medium,dom_xss,innerHTML ataması var. Kaynak güvenli mi?,"select.innerHTML = `<option value="""">${tVehicles.select_city || 'Select City'}</option>`;"
FST_Cost_V1/assets/js/app/definitions/vehicles.js,802,medium,dom_xss,innerHTML ataması var. Kaynak güvenli mi?,"select.innerHTML = `<option value="""">${tVehicles.no_cities_found || 'No cities found'}</option>`;"
FST_Cost_V1/assets/js/app/definitions/vehicles.js,809,medium,dom_xss,innerHTML ataması var. Kaynak güvenli mi?,"select.innerHTML = `<option value="""">${tVehicles.error_cities_load || 'Error loading cities'}</option>`;"
FST_Cost_V1/assets/js/app/definitions/vehicles.js,821,medium,dom_xss,innerHTML ataması var. Kaynak güvenli mi?,"select.innerHTML = `<option value="""">${tVehicles.select_dept || 'Select Vehicle Company'}</option>`;"
FST_Cost_V1/assets/js/app/definitions/vehicles.js,835,medium,dom_xss,innerHTML ataması var. Kaynak güvenli mi?,"select.innerHTML = `<option value="""">${tVehicles.select_dept || 'Select Vehicle Company'}</option>`;"
FST_Cost_V1/database/create_database.php,21,high,file_inclusion,Değişkene bağlı include/require tespit edildi. RFI/LFI riski.,"echo ""===========================================\n\n"" . $NC;"
FST_Cost_V1/database/create_database.php,25,high,file_inclusion,Değişkene bağlı include/require tespit edildi. RFI/LFI riski.,"echo $YELLOW . ""Step 1: Connecting to PostgreSQL server...\n"" . $NC;"
FST_Cost_V1/database/create_database.php,34,high,file_inclusion,Değişkene bağlı include/require tespit edildi. RFI/LFI riski.,"echo $GREEN . ""✓ Connected to PostgreSQL server\n\n"" . $NC;"
FST_Cost_V1/database/create_database.php,37,high,file_inclusion,Değişkene bağlı include/require tespit edildi. RFI/LFI riski.,"echo $YELLOW . ""Step 2: Checking if database exists...\n"" . $NC;"
FST_Cost_V1/database/create_database.php,38,high,sql_injection,SQL sorgusu içinde string birleştirme veya ham kullanıcı girdisi kullanımı.,"$checkDb = pg_query($postgresConn, ""SELECT 1 FROM pg_database WHERE datname = '"" . DB_NAME . ""'"");"
FST_Cost_V1/database/create_database.php,41,high,file_inclusion,Değişkene bağlı include/require tespit edildi. RFI/LFI riski.,"echo $YELLOW . ""⚠ Database '"" . DB_NAME . ""' already exists.\n"" . $NC;"
FST_Cost_V1/database/create_database.php,49,high,sql_injection,SQL sorgusu içinde string birleştirme veya ham kullanıcı girdisi kullanımı.,"pg_query($postgresConn, ""SELECT pg_terminate_backend(pid) FROM pg_stat_activity WHERE datname = '"" . DB_NAME . ""' AND pid <> pg_backend_pid()"");"
FST_Cost_V1/database/create_database.php,56,high,file_inclusion,Değişkene bağlı include/require tespit edildi. RFI/LFI riski.,"echo $GREEN . ""✓ Database dropped\n"" . $NC;"
FST_Cost_V1/database/create_database.php,58,high,file_inclusion,Değişkene bağlı include/require tespit edildi. RFI/LFI riski.,"echo $YELLOW . ""Skipping database creation...\n"" . $NC;"
FST_Cost_V1/database/create_database.php,64,high,file_inclusion,Değişkene bağlı include/require tespit edildi. RFI/LFI riski.,"echo $YELLOW . ""Creating database '"" . DB_NAME . ""'...\n"" . $NC;"
FST_Cost_V1/database/create_database.php,71,high,file_inclusion,Değişkene bağlı include/require tespit edildi. RFI/LFI riski.,"echo $GREEN . ""✓ Database '"" . DB_NAME . ""' created successfully\n\n"" . $NC;"
FST_Cost_V1/database/create_database.php,77,high,file_inclusion,Değişkene bağlı include/require tespit edildi. RFI/LFI riski.,"echo $YELLOW . ""Step 3: Connecting to '"" . DB_NAME . ""' database...\n"" . $NC;"
FST_Cost_V1/database/create_database.php,84,high,file_inclusion,Değişkene bağlı include/require tespit edildi. RFI/LFI riski.,"echo $GREEN . ""✓ Connected to database\n\n"" . $NC;"
FST_Cost_V1/database/create_database.php,87,high,file_inclusion,Değişkene bağlı include/require tespit edildi. RFI/LFI riski.,"echo $YELLOW . ""Step 4: Reading SQL schema file...\n"" . $NC;"
FST_Cost_V1/database/create_database.php,91,high,file_inclusion,Değişkene bağlı include/require tespit edildi. RFI/LFI riski.,"throw new Exception(""SQL file not found: "" . $sqlFile);"
FST_Cost_V1/database/create_database.php,106,high,file_inclusion,Değişkene bağlı include/require tespit edildi. RFI/LFI riski.,"echo $GREEN . ""✓ SQL file loaded\n\n"" . $NC;"
FST_Cost_V1/database/create_database.php,109,high,file_inclusion,Değişkene bağlı include/require tespit edildi. RFI/LFI riski.,"echo $YELLOW . ""Step 5: Creating tables and indexes...\n"" . $NC;"
FST_Cost_V1/database/create_database.php,135,high,file_inclusion,Değişkene bağlı include/require tespit edildi. RFI/LFI riski.,"echo $RED . ""⚠ Warning: "" . substr($error, 0, 100) . ""\n"" . $NC;"
FST_Cost_V1/database/create_database.php,147,high,file_inclusion,Değişkene bağlı include/require tespit edildi. RFI/LFI riski.,"echo $GREEN . ""✓ Tables created: "" . $tablesCreated . ""\n"" . $NC;"
FST_Cost_V1/database/create_database.php,148,high,file_inclusion,Değişkene bağlı include/require tespit edildi. RFI/LFI riski.,"echo $GREEN . ""✓ Functions created: "" . $functionsCreated . ""\n\n"" . $NC;"
FST_Cost_V1/database/create_database.php,151,high,file_inclusion,Değişkene bağlı include/require tespit edildi. RFI/LFI riski.,"echo $YELLOW . ""Step 6: Verifying tables...\n"" . $NC;"
FST_Cost_V1/database/create_database.php,152,high,sql_injection,SQL sorgusu içinde string birleştirme veya ham kullanıcı girdisi kullanımı.,"$verifyQuery = ""SELECT table_name FROM information_schema.tables"
FST_Cost_V1/database/create_database.php,161,high,file_inclusion,Değişkene bağlı include/require tespit edildi. RFI/LFI riski.,"echo $GREEN . ""  ✓ "" . $table['table_name'] . ""\n"" . $NC;"
FST_Cost_V1/database/create_database.php,166,high,file_inclusion,Değişkene bağlı include/require tespit edildi. RFI/LFI riski.,"echo ""\n"" . $GREEN . ""===========================================\n"";"
FST_Cost_V1/database/create_database.php,168,high,file_inclusion,Değişkene bağlı include/require tespit edildi. RFI/LFI riski.,"echo ""===========================================\n"" . $NC;"
FST_Cost_V1/database/create_database.php,173,high,file_inclusion,Değişkene bağlı include/require tespit edildi. RFI/LFI riski.,"echo $RED . ""\n✗ Error: "" . $e->getMessage() . ""\n"" . $NC;"
FST_Cost_V1/includes/security.php,214,high,file_inclusion,Değişkene bağlı include/require tespit edildi. RFI/LFI riski.,$rateLimitKey = 'rate_limit_' . $key;
FST_Cost_V1/includes/sidebar.php,43,medium,unsanitized_input,Kullanıcı girdisi işlenmeden kullanılıyor olabilir.,$currentId = $_GET['id'] ?? $_GET['contract_id'] ?? $_GET['user_id'] ?? null;
FST_Cost_V1/includes/topbar.php,49,info,i18n,Çeviri dosyası dışında yerelleştirilmiş sabit metin olabilir.,<?php echo ($lang === 'en') ? ($all_translations['languages']['en'] ?? 'English') : ($all_translations['languages']['tr'] ?? 'Türkçe'); ?>
FST_Cost_V1/includes/topbar.php,62,info,i18n,Çeviri dosyası dışında yerelleştirilmiş sabit metin olabilir.,<span><?php echo $all_translations['languages']['tr'] ?? 'Türkçe'; ?></span>
FST_Cost_V1/includes/translations.php,13,high,file_inclusion,Değişkene bağlı include/require tespit edildi. RFI/LFI riski.,$translation_file = __DIR__ . '/../translations/' . $lang . '.json';
FST_Cost_V1/includes/translations.php,31,medium,unsanitized_input,Kullanıcı girdisi işlenmeden kullanılıyor olabilir.,$current_lang = $_GET['lang'] ?? $_SESSION['language'] ?? 'en';
FST_Cost_V1/vendor/autoload.php,9,high,sql_injection,SQL sorgusu içinde string birleştirme veya ham kullanıcı girdisi kullanımı.,"$err = 'Composer 2.3.0 dropped support for autoloading on PHP <5.6 and you are running '.PHP_VERSION.', please upgrade PHP or use Composer 2.2 LTS via ""composer self-update --2.2"". Aborting.'.PHP_EOL;"
FST_Cost_V1/vendor/composer/ClassLoader.php,452,high,file_inclusion,Değişkene bağlı include/require tespit edildi. RFI/LFI riski.,"$file = apcu_fetch($this->apcuPrefix.$class, $hit);"
FST_Cost_V1/vendor/composer/ClassLoader.php,466,high,file_inclusion,Değişkene bağlı include/require tespit edildi. RFI/LFI riski.,"apcu_add($this->apcuPrefix.$class, $file);"
FST_Cost_V1/vendor/composer/ClassLoader.php,495,high,file_inclusion,Değişkene bağlı include/require tespit edildi. RFI/LFI riski.,"$logicalPathPsr4 = strtr($class, '\\', DIRECTORY_SEPARATOR) . $ext;"
FST_Cost_V1/vendor/composer/ClassLoader.php,506,high,file_inclusion,Değişkene bağlı include/require tespit edildi. RFI/LFI riski.,if (file_exists($file = $dir . $pathEnd)) {
FST_Cost_V1/vendor/composer/ClassLoader.php,516,high,file_inclusion,Değişkene bağlı include/require tespit edildi. RFI/LFI riski.,if (file_exists($file = $dir . DIRECTORY_SEPARATOR . $logicalPathPsr4)) {
FST_Cost_V1/vendor/composer/ClassLoader.php,528,high,file_inclusion,Değişkene bağlı include/require tespit edildi. RFI/LFI riski.,"$logicalPathPsr0 = strtr($class, '_', DIRECTORY_SEPARATOR) . $ext;"
FST_Cost_V1/vendor/composer/ClassLoader.php,535,high,file_inclusion,Değişkene bağlı include/require tespit edildi. RFI/LFI riski.,if (file_exists($file = $dir . DIRECTORY_SEPARATOR . $logicalPathPsr0)) {
FST_Cost_V1/vendor/composer/ClassLoader.php,545,high,file_inclusion,Değişkene bağlı include/require tespit edildi. RFI/LFI riski.,if (file_exists($file = $dir . DIRECTORY_SEPARATOR . $logicalPathPsr0)) {
FST_Cost_V1/vendor/composer/InstalledVersions.php,172,high,file_inclusion,Değişkene bağlı include/require tespit edildi. RFI/LFI riski.,"throw new \OutOfBoundsException('Package ""' . $packageName . '"" is not installed');"
FST_Cost_V1/vendor/composer/InstalledVersions.php,193,high,file_inclusion,Değişkene bağlı include/require tespit edildi. RFI/LFI riski.,"throw new \OutOfBoundsException('Package ""' . $packageName . '"" is not installed');"
FST_Cost_V1/vendor/composer/InstalledVersions.php,214,high,file_inclusion,Değişkene bağlı include/require tespit edildi. RFI/LFI riski.,"throw new \OutOfBoundsException('Package ""' . $packageName . '"" is not installed');"
FST_Cost_V1/vendor/composer/InstalledVersions.php,235,high,file_inclusion,Değişkene bağlı include/require tespit edildi. RFI/LFI riski.,"throw new \OutOfBoundsException('Package ""' . $packageName . '"" is not installed');"
FST_Cost_V1/vendor/composer/InstalledVersions.php,252,high,file_inclusion,Değişkene bağlı include/require tespit edildi. RFI/LFI riski.,"throw new \OutOfBoundsException('Package ""' . $packageName . '"" is not installed');"
